listing_id,neighborhood,rent,bedrooms,bathrooms,sqft,floor,year_built,in_unit_laundry,dishwasher,central_air,parking_included,gym_in_building,balcony,pets_allowed,heat_included,water_included,listing_description,review_1,review_2,review_3,click_through_rate
APT-1000,Charlestown,1983,0,1,442,4,1911,1,0,0,0,1,0,1,1,1,Stunning studio in the heart of Charlestown. The living area is bathed in natural light from multiple exposures. Recently updated common areas and secure entry.,One of the better apartments I've rented. natural light and neighbors are friendly.,Great apartment. location made it feel like home right away. Would definitely recommend.,Loved living here. The gym was a huge plus and the neighborhood is fantastic.,0.0774
APT-1001,East Boston,1684,1,1,631,1,1964,1,1,0,0,0,1,1,0,0,Beautifully renovated one-bedroom with modern finishes throughout. Floor-to-ceiling windows flood the space with natural light all day.,It was fine. gym though the heating system is inconsistent.,Average experience overall. balcony view was nice but the bathroom could use an update.,Solid place to live. bay windows was better than expected. Management is responsive.,0.0732
APT-1002,Charlestown,2301,1,1,692,4,1887,1,1,1,0,1,0,0,1,0,Pleasant one-bedroom with a good layout and natural light. Good natural light in the main living area. Easy access to major highways and downtown.,Really enjoyed my time here. modern finishes and the location is unbeatable.,Had ongoing issues with pest problems. Not worth the price.,"Not bad, not amazing. open floor plan is a plus. the water pressure could be better is a minus.",0.053
APT-1003,Jamaica Plain,2524,2,2,693,2,2021,0,0,1,0,1,0,1,0,0,Simple two-bedroom with the basics covered. Street-level unit; supplemental lighting recommended. Open floor plan is great for entertaining.,Average experience overall. dishwasher was nice but the closets are tiny.,Overpriced for what you get. the buzzer system barely works.,"Good for what you pay. natural light, just be aware that parking is a nightmare.",0.0402
APT-1004,Cambridge,4529,4,4,1660,2,1904,0,0,1,0,0,0,0,0,0,Clean and bright four-bedroom available in Cambridge. Nice afternoon light from the west-facing windows.,"Good for what you pay. layout, just be aware that parking is a nightmare.",Decent apartment for the price. parking spot but the heating system is inconsistent.,Solid place to live. layout was better than expected. Management is responsive.,0.0325
APT-1005,Allston,2493,2,2,875,1,1976,0,1,0,0,1,0,1,0,0,Well-maintained two-bedroom in a convenient Allston location. The kitchen has been updated with new countertops and appliances.,"Lived here a year. in-unit laundry. On the other hand, there's limited counter space.",Ended my lease early because of pest problems. Very frustrating experience.,Would not recommend. the street noise can be rough on weekends and the rent does not match the quality.,0.0313
APT-1006,Fenway,2392,1,1,658,2,1913,1,1,0,0,0,0,0,0,0,Updated one-bedroom in a well-managed building in Fenway. Eat-in kitchen with plenty of cabinet space. Conveniently located near grocery stores and pharmacies.,Reasonable place. kitchen was nice. the street noise can be rough on weekends was annoying at times.,Would not recommend. the street noise can be rough on weekends and the rent does not match the quality.,It served its purpose. balcony view but management could be more responsive.,0.0545
APT-1007,Fenway,2998,2,2,868,1,1997,0,1,0,1,0,0,1,1,0,Comfortable two-bedroom with updated appliances and good closet space. The kitchen has been updated with new countertops and appliances. Quiet tree-lined street but close to everything you need.,Below average. the windows are drafty in winter and the building needs serious maintenance.,It served its purpose. quiet street but management could be more responsive.,Struggled with noise from the street the entire lease. Save your money.,0.0822
APT-1008,Charlestown,1887,0,1,392,5,1913,1,1,0,0,0,0,1,0,1,Elegant studio offering a perfect blend of classic charm and modern convenience. Floor-to-ceiling windows flood the space with natural light all day. Open floor plan is great for entertaining.,One of the better apartments I've rented. kitchen and neighbors are friendly.,Reasonable place. building amenities was nice. the hallways are a bit run-down was annoying at times.,Reasonable place. natural light was nice. parking is a nightmare was annoying at times.,0.0351
APT-1009,Back Bay,4823,3,3,917,1,1896,1,1,0,0,1,0,0,0,1,Cozy three-bedroom with good natural light and hardwood floors. Galley kitchen with updated fixtures and good counter space. Just a short walk to the waterfront and bike paths.,Super comfortable space. building amenities and I never had issues with noise.,The apartment looked better in photos. the buzzer system barely works was a constant frustration.,Loved living here. The renovated bathroom was a huge plus and the neighborhood is fantastic.,0.0522
APT-1010,Dorchester,1728,1,1,663,4,2009,0,1,0,0,0,1,0,0,1,Cozy one-bedroom with good natural light and hardwood floors. Kitchen includes newer appliances and tile backsplash. Close to local farmers markets and community events.,Mixed feelings. renovated bathroom but I wish management communicated more.,The apartment exceeded my expectations. modern finishes and the building is well-run.,Reasonable place. in-unit laundry was nice. the walls are thin was annoying at times.,0.0446
APT-1011,Somerville,2224,2,2,822,4,1912,0,1,1,0,0,0,1,0,1,Clean and bright two-bedroom available in Somerville. Eat-in kitchen with plenty of cabinet space. High ceilings give the unit an expansive feel.,Solid place to live. quiet street was better than expected. Management is responsive.,Adequate for the area. modern finishes. Could use some updates though.,Average experience overall. bay windows was nice but the kitchen is smaller than expected.,0.073
APT-1012,Charlestown,1954,0,1,354,3,1922,1,0,1,0,0,1,1,0,0,Beautifully renovated studio with modern finishes throughout. The living area is bathed in natural light from multiple exposures. Built-in shelving and extra storage in the hallway.,Really appreciated layout. The management fixed things quickly when needed.,Perfect for young professionals. hardwood floors and tons of good food nearby.,My favorite apartment so far. dishwasher and the commute to downtown was easy.,0.0456
APT-1013,South End,2680,1,1,697,4,1993,0,0,0,0,0,0,1,0,0,"Elegant one-bedroom offering a perfect blend of classic charm and modern convenience. Oversized bay windows create a bright, airy atmosphere. Open floor plan is great for entertaining.",Great apartment. dishwasher made it feel like home right away. Would definitely recommend.,Super comfortable space. updated appliances and I never had issues with noise.,Perfect for young professionals. central air and tons of good food nearby.,0.0698
APT-1014,Beacon Hill,3719,2,2,866,2,1949,1,1,0,0,0,0,1,0,1,"Elegant two-bedroom offering a perfect blend of classic charm and modern convenience. Oversized bay windows create a bright, airy atmosphere. The layout offers great separation between bedrooms.",One of the better apartments I've rented. central air and neighbors are friendly.,Would rent again in a heartbeat. modern finishes and great vibes in the neighborhood.,It served its purpose. high ceilings but management could be more responsive.,0.0728
APT-1015,Somerville,1542,0,1,439,2,1961,1,1,1,0,1,0,0,0,0,"Pleasant studio with a good layout and natural light. Kitchen includes newer appliances and tile backsplash. Steps from great restaurants, coffee shops, and nightlife.",Disappointing overall. the heating system is inconsistent and management was slow to respond.,"Good for what you pay. natural light, just be aware that the heating system is inconsistent.","Good for what you pay. location, just be aware that the kitchen is smaller than expected.",0.0377
APT-1016,Dorchester,2194,2,2,1046,1,2024,0,1,1,0,0,0,1,0,1,Nice two-bedroom with a functional layout and recent updates. The kitchen has been updated with new countertops and appliances. High ceilings give the unit an expansive feel.,Mixed feelings. parking spot but I wish the bathroom was newer.,Very happy with this place. closet space is exactly what I was looking for.,Adequate for the area. courtyard. Could use some updates though.,0.0673
APT-1017,East Boston,1787,1,1,599,1,1973,0,1,0,0,0,0,0,1,0,Comfortable one-bedroom with updated appliances and good closet space. Windows in every room keep the space feeling bright. The layout offers great separation between bedrooms.,Mixed feelings. storage space but I wish the kitchen had been updated.,Below average. the kitchen is smaller than expected and the building needs serious maintenance.,Ended my lease early because of unreliable hot water. Very frustrating experience.,0.0722
APT-1018,Back Bay,3900,2,2,1068,1,1932,0,0,0,0,0,0,1,1,0,Clean and bright two-bedroom available in Back Bay. Windows in every room keep the space feeling bright.,Perfect for young professionals. bay windows and tons of good food nearby.,Average experience overall. in-unit laundry was nice but the laundry room is always busy.,The apartment exceeded my expectations. in-unit laundry and the building is well-run.,0.0597
APT-1019,Somerville,2632,2,2,867,4,1918,1,1,1,0,0,0,1,0,1,Well-maintained two-bedroom in a convenient Somerville location. Kitchen includes newer appliances and tile backsplash. Recently updated common areas and secure entry.,Not great. mold in the bathroom was never properly addressed despite multiple requests.,Average experience overall. courtyard was nice but parking is a nightmare.,Solid place to live. location was better than expected. Management is responsive.,0.0318
APT-1020,South End,3545,2,2,938,3,1974,1,1,0,0,1,0,0,0,0,Gorgeous two-bedroom in a meticulously maintained brownstone. Recently renovated kitchen with quartz counters and soft-close cabinetry.,The apartment exceeded my expectations. closet space and the building is well-run.,One of the better apartments I've rented. courtyard and neighbors are friendly.,Super comfortable space. updated appliances and I never had issues with noise.,0.0553
APT-1021,Allston,2412,3,3,1127,3,1952,1,1,0,0,0,1,1,1,0,Freshly painted three-bedroom ready for immediate move-in. Windows in every room keep the space feeling bright. Recently updated common areas and secure entry.,It served its purpose. renovated bathroom but management could be more responsive.,One of the better apartments I've rented. kitchen and neighbors are friendly.,The listing was misleading. parking is a nightmare and water pressure drops.,0.0632
APT-1022,Cambridge,4773,4,4,1698,3,2001,1,1,1,0,0,0,0,0,1,"Move-in ready four-bedroom with designer touches throughout. Oversized bay windows create a bright, airy atmosphere. Surrounded by local shops, bakeries, and green space.",Reasonable place. courtyard was nice. the walls are thin was annoying at times.,Great apartment. kitchen made it feel like home right away. Would definitely recommend.,Lived here for two years and loved it. high ceilings made a big difference day to day.,0.0772
APT-1023,Dorchester,1496,1,1,624,1,1999,0,1,1,1,0,0,1,1,0,Nice one-bedroom with a functional layout and recent updates. Windows in every room keep the space feeling bright.,Overpriced for what you get. the kitchen is smaller than expected.,My favorite apartment so far. updated appliances and the commute to downtown was easy.,"Not bad, not amazing. courtyard is a plus. the kitchen is smaller than expected is a minus.",0.0324
APT-1024,Fenway,4756,4,4,1650,5,2008,0,1,0,0,1,0,0,0,0,Solid four-bedroom close to shops and restaurants in Fenway. Nice afternoon light from the west-facing windows. Pet-friendly building with a shared courtyard.,Very happy with this place. rooftop access is exactly what I was looking for.,"Clean, well-maintained, and layout. No complaints.",Had ongoing issues with a broken intercom. Not worth the price.,0.052
APT-1025,Dorchester,2523,4,4,1519,6,1921,0,1,1,0,0,1,0,1,0,Pleasant four-bedroom with a good layout and natural light. Windows in every room keep the space feeling bright. Secure building with on-site management.,"Lived here a year. kitchen. On the other hand, the closets are tiny.",Would not recommend. the hallways are a bit run-down and the rent does not match the quality.,Disappointing overall. the water pressure could be better and management was slow to respond.,0.0394
APT-1026,Brighton,2754,3,3,1258,2,1949,1,1,0,1,1,0,1,0,1,Impeccably maintained three-bedroom in a sought-after Brighton location. South-facing exposure brings in gorgeous natural light throughout.,Really enjoyed my time here. natural light and the location is unbeatable.,Very happy with this place. closet space is exactly what I was looking for.,Very happy with this place. updated appliances is exactly what I was looking for.,0.0683
APT-1027,Dorchester,1292,0,1,445,2,2009,0,0,0,0,0,0,0,1,0,Basic studio with street parking available. Small but functional kitchen. Just a short walk to the waterfront and bike paths.,Had ongoing issues with a malfunctioning thermostat. Not worth the price.,Really appreciated open floor plan. The management fixed things quickly when needed.,Would not recommend. the street noise can be rough on weekends and the rent does not match the quality.,0.0373
APT-1028,Allston,1735,1,1,842,2,1952,1,0,0,0,0,0,1,0,1,Clean and bright one-bedroom available in Allston. Kitchen includes newer appliances and tile backsplash. Quiet tree-lined street but close to everything you need.,Very happy with this place. storage space is exactly what I was looking for.,"Lived here a year. natural light. On the other hand, the walls are thin.",Solid place to live. parking spot was better than expected. Management is responsive.,0.0534
APT-1029,Dorchester,1255,0,1,386,5,1935,1,0,0,0,0,1,0,1,1,Comfortable studio with updated appliances and good closet space. Nice afternoon light from the west-facing windows.,Average experience overall. updated appliances was nice but there's limited counter space.,"Lived here a year. modern finishes. On the other hand, the bathroom could use an update.","Good for what you pay. kitchen, just be aware that the hallways are a bit run-down.",0.063
APT-1030,Brighton,1553,0,1,400,3,1974,0,1,1,0,0,0,0,1,1,"Impeccably maintained studio in a sought-after Brighton location. The kitchen features granite countertops, stainless steel appliances, and a breakfast bar.","Good for what you pay. central air, just be aware that the heating system is inconsistent.",My favorite apartment so far. rooftop access and the commute to downtown was easy.,It was fine. location though the water pressure could be better.,0.0298
APT-1031,Charlestown,3890,3,3,1515,2,1910,0,1,1,1,0,1,1,0,1,"Freshly painted three-bedroom ready for immediate move-in. The kitchen has been updated with new countertops and appliances. Generous closet space throughout, including a walk-in in the primary bedroom.",Decent apartment for the price. storage space but there's limited counter space.,Adequate for the area. kitchen. Could use some updates though.,Below average. the windows are drafty in winter and the building needs serious maintenance.,0.0545
APT-1032,Cambridge,2787,1,1,610,1,2000,1,0,0,0,0,1,0,0,0,Cozy one-bedroom with good natural light and hardwood floors. Windows in every room keep the space feeling bright. Just a short walk to the waterfront and bike paths.,Had a great experience. high ceilings and it's super walkable to everything.,Adequate for the area. storage space. Could use some updates though.,Mixed feelings. closet space but I wish the kitchen had been updated.,0.0479
APT-1033,Beacon Hill,3628,2,2,951,3,1922,0,1,0,0,0,0,1,1,1,Comfortable two-bedroom with updated appliances and good closet space. Good natural light in the main living area. Just a short walk to the waterfront and bike paths.,Very happy with this place. gym is exactly what I was looking for.,Reasonable place. central air was nice. the buzzer system barely works was annoying at times.,Really enjoyed my time here. natural light and the location is unbeatable.,0.077
APT-1034,Allston,2004,2,2,865,2,1940,1,1,0,1,0,0,1,0,1,"Updated two-bedroom in a well-managed building in Allston. Good natural light in the main living area. Great walkability to cafes, bookstores, and boutiques.",Really appreciated parking spot. The management fixed things quickly when needed.,Would rent again in a heartbeat. balcony view and great vibes in the neighborhood.,"Good for what you pay. modern finishes, just be aware that the kitchen is smaller than expected.",0.0395
APT-1035,Somerville,1656,0,1,520,2,1997,1,1,0,1,1,0,0,0,1,"Comfortable studio with updated appliances and good closet space. Windows in every room keep the space feeling bright. Surrounded by local shops, bakeries, and green space.",Would not recommend. there's limited counter space and the rent does not match the quality.,Adequate for the area. high ceilings. Could use some updates though.,"Not bad, not amazing. closet space is a plus. you can hear the neighbors above is a minus.",0.0585
APT-1036,East Boston,2231,2,2,984,2,1960,1,0,0,0,0,0,1,0,1,Budget-friendly two-bedroom close to public transit. Small but functional kitchen.,Mixed feelings. open floor plan but I wish management communicated more.,Average experience overall. gym was nice but the hallways are a bit run-down.,It was fine. renovated bathroom though the heating system is inconsistent.,0.0275
APT-1037,Beacon Hill,6186,4,4,1657,2,1937,0,0,0,0,1,0,1,0,1,Spacious and bright four-bedroom with an open-concept layout. Floor-to-ceiling windows flood the space with natural light all day. Building includes a fitness center and community lounge.,My favorite apartment so far. kitchen and the commute to downtown was easy.,The apartment exceeded my expectations. closet space and the building is well-run.,Really appreciated central air. The management fixed things quickly when needed.,0.0629
APT-1038,Cambridge,3243,2,2,925,2,1909,0,1,0,0,1,1,1,0,1,"Sun-drenched two-bedroom featuring oversized windows and high ceilings. Oversized bay windows create a bright, airy atmosphere. Elevator building with package room and bike storage.",Had a great experience. kitchen and it's super walkable to everything.,Perfect for young professionals. hardwood floors and tons of good food nearby.,The apartment exceeded my expectations. storage space and the building is well-run.,0.053
APT-1039,Charlestown,2865,1,1,686,2,1930,1,0,1,0,0,0,1,0,0,Cozy one-bedroom with good natural light and hardwood floors. The kitchen has been updated with new countertops and appliances.,Really enjoyed my time here. building amenities and the location is unbeatable.,Reasonable place. location was nice. parking is a nightmare was annoying at times.,The listing was misleading. the street noise can be rough on weekends and cracks in the walls.,0.0604
APT-1040,Beacon Hill,3664,2,2,985,1,1901,0,1,1,0,0,0,0,0,1,Gorgeous two-bedroom in a meticulously maintained brownstone. The living area is bathed in natural light from multiple exposures. Pet-friendly building with a shared courtyard.,Really enjoyed my time here. quiet street and the location is unbeatable.,Decent apartment for the price. in-unit laundry but the buzzer system barely works.,Ended my lease early because of poor insulation. Very frustrating experience.,0.0482
APT-1041,South End,3151,1,1,682,4,1917,1,0,1,0,1,1,1,0,1,"Beautifully renovated one-bedroom with modern finishes throughout. Chef's kitchen with gas range, stone countertops, and ample prep space. Secure building with on-site management.",Super comfortable space. open floor plan and I never had issues with noise.,The apartment exceeded my expectations. courtyard and the building is well-run.,My favorite apartment so far. natural light and the commute to downtown was easy.,0.0918
APT-1042,Beacon Hill,3960,2,2,818,3,1894,0,1,1,1,0,0,1,0,1,Cozy two-bedroom with good natural light and hardwood floors. The kitchen has been updated with new countertops and appliances.,Average experience overall. natural light was nice but the closets are tiny.,Would not recommend. the bathroom could use an update and the rent does not match the quality.,"Not bad, not amazing. dishwasher is a plus. there's limited counter space is a minus.",0.0425
APT-1043,Dorchester,1250,0,1,468,2,1923,0,1,0,0,0,0,1,1,1,Solid studio close to shops and restaurants in Dorchester. Galley kitchen with updated fixtures and good counter space.,Solid place to live. bay windows was better than expected. Management is responsive.,My favorite apartment so far. kitchen and the commute to downtown was easy.,The apartment looked better in photos. the kitchen is smaller than expected was a constant frustration.,0.0627
APT-1044,Allston,1727,1,1,763,4,1981,1,1,0,0,0,0,1,0,1,Updated one-bedroom in a well-managed building in Allston. Nice afternoon light from the west-facing windows.,Great apartment. balcony view made it feel like home right away. Would definitely recommend.,The apartment exceeded my expectations. closet space and the building is well-run.,Adequate for the area. updated appliances. Could use some updates though.,0.0925
APT-1045,Back Bay,4159,2,2,807,3,1935,1,0,0,1,0,0,0,0,0,Solid two-bedroom close to shops and restaurants in Back Bay. Galley kitchen with updated fixtures and good counter space. Quiet tree-lined street but close to everything you need.,Really enjoyed my time here. gym and the location is unbeatable.,It was fine. storage space though the kitchen is smaller than expected.,Would rent again in a heartbeat. parking spot and great vibes in the neighborhood.,0.0548
APT-1046,Allston,1686,1,1,705,1,1951,0,1,0,0,1,0,0,1,0,Updated one-bedroom in a well-managed building in Allston. Good natural light in the main living area.,Below average. the kitchen is smaller than expected and the building needs serious maintenance.,"Lived here a year. storage space. On the other hand, the laundry room is always busy.",Average experience overall. quiet street was nice but you can hear the neighbors above.,0.0498
APT-1047,Brighton,2123,2,2,736,1,1948,1,1,1,0,0,0,1,0,1,Pleasant two-bedroom with a good layout and natural light. Galley kitchen with updated fixtures and good counter space.,Reasonable place. rooftop access was nice. the bathroom could use an update was annoying at times.,Average experience overall. gym was nice but the water pressure could be better.,"Lived here a year. modern finishes. On the other hand, there's limited counter space.",0.0685
APT-1048,Beacon Hill,3288,1,1,552,5,1908,1,0,0,0,1,0,0,1,1,"Thoughtfully designed one-bedroom with premium finishes and abundant storage. South-facing exposure brings in gorgeous natural light throughout. Surrounded by local shops, bakeries, and green space.",Would rent again in a heartbeat. parking spot and great vibes in the neighborhood.,"Not bad, not amazing. parking spot is a plus. the walls are thin is a minus.",Reasonable place. balcony view was nice. the bathroom could use an update was annoying at times.,0.0521
APT-1049,Allston,1982,2,2,916,1,1983,0,1,0,1,0,0,1,1,0,two-bedroom in a quiet residential area of Allston. Windows in every room keep the space feeling bright. The layout offers great separation between bedrooms.,"Clean, well-maintained, and hardwood floors. No complaints.",Very happy with this place. layout is exactly what I was looking for.,The listing was misleading. the elevator is slow and water pressure drops.,0.0355
APT-1050,East Boston,1786,1,1,693,4,1971,0,1,0,0,1,0,1,1,1,Well-maintained one-bedroom in a convenient East Boston location. Windows in every room keep the space feeling bright.,One of the better apartments I've rented. natural light and neighbors are friendly.,Loved living here. The gym was a huge plus and the neighborhood is fantastic.,It was fine. parking spot though there's limited counter space.,0.0731
APT-1051,Jamaica Plain,2125,2,2,798,2,1939,1,1,0,0,0,1,0,0,1,Well-maintained two-bedroom in a convenient Jamaica Plain location. Nice afternoon light from the west-facing windows.,Very happy with this place. dishwasher is exactly what I was looking for.,My favorite apartment so far. balcony view and the commute to downtown was easy.,Adequate for the area. dishwasher. Could use some updates though.,0.0663
APT-1052,Back Bay,3264,1,1,950,3,1933,1,0,0,0,1,0,0,0,0,Impeccably maintained one-bedroom in a sought-after Back Bay location. Floor-to-ceiling windows flood the space with natural light all day.,Would not recommend. the heating system is inconsistent and the rent does not match the quality.,Very happy with this place. in-unit laundry is exactly what I was looking for.,Adequate for the area. updated appliances. Could use some updates though.,0.0781
APT-1053,East Boston,2382,2,2,970,3,1975,1,0,0,0,1,0,1,0,0,Clean and bright two-bedroom available in East Boston. Good natural light in the main living area.,Perfect for young professionals. quiet street and tons of good food nearby.,"Lived here a year. courtyard. On the other hand, the laundry room is always busy.","Not bad, not amazing. quiet street is a plus. parking is a nightmare is a minus.",0.0644
APT-1054,Brighton,3100,4,4,1554,2,1958,0,1,0,0,0,0,0,1,1,Clean and bright four-bedroom available in Brighton. Eat-in kitchen with plenty of cabinet space. Just a short walk to the waterfront and bike paths.,Very happy with this place. dishwasher is exactly what I was looking for.,Average experience overall. rooftop access was nice but the hallways are a bit run-down.,Adequate for the area. natural light. Could use some updates though.,0.0478
APT-1055,Dorchester,2499,2,2,698,2,1918,0,1,0,0,0,1,0,1,0,"Pleasant two-bedroom with a good layout and natural light. Good natural light in the main living area. Walking distance to parks, shops, and public transit.",Reasonable place. hardwood floors was nice. the windows are drafty in winter was annoying at times.,"Good for what you pay. dishwasher, just be aware that the kitchen is smaller than expected.","Lived here a year. hardwood floors. On the other hand, the laundry room is always busy.",0.0245
APT-1056,East Boston,1643,1,1,734,4,1958,0,0,1,0,0,0,1,1,0,Solid one-bedroom close to shops and restaurants in East Boston. Windows in every room keep the space feeling bright.,Perfect for young professionals. bay windows and tons of good food nearby.,Solid place to live. parking spot was better than expected. Management is responsive.,Very happy with this place. kitchen is exactly what I was looking for.,0.035
APT-1057,Charlestown,2827,2,2,973,4,1919,0,0,0,0,1,0,1,0,0,two-bedroom in a quiet residential area of Charlestown. Galley kitchen with updated fixtures and good counter space. The layout offers great separation between bedrooms.,Reasonable place. storage space was nice. the buzzer system barely works was annoying at times.,My favorite apartment so far. updated appliances and the commute to downtown was easy.,Average experience overall. central air was nice but the windows are drafty in winter.,0.0581
APT-1058,Beacon Hill,3234,1,1,599,3,1894,0,1,1,0,1,1,1,0,1,"Thoughtfully designed one-bedroom with premium finishes and abundant storage. Oversized bay windows create a bright, airy atmosphere. Elevator building with package room and bike storage.",Perfect for young professionals. in-unit laundry and tons of good food nearby.,Overpriced for what you get. there's limited counter space.,"Not bad, not amazing. kitchen is a plus. the walls are thin is a minus.",0.0707
APT-1059,Brighton,2679,4,4,1635,5,1964,0,0,0,0,0,0,1,0,1,Nice four-bedroom with a functional layout and recent updates. Good natural light in the main living area. Recently updated common areas and secure entry.,Solid place to live. layout was better than expected. Management is responsive.,Decent apartment for the price. hardwood floors but the street noise can be rough on weekends.,Adequate for the area. layout. Could use some updates though.,0.0588
APT-1060,Cambridge,3204,2,2,887,1,1902,1,0,1,0,1,0,0,1,1,Charming two-bedroom with original hardwood floors and updated kitchen. Recently renovated kitchen with quartz counters and soft-close cabinetry. High ceilings give the unit an expansive feel.,Average experience overall. renovated bathroom was nice but the street noise can be rough on weekends.,Had a great experience. open floor plan and it's super walkable to everything.,Very happy with this place. open floor plan is exactly what I was looking for.,0.0738
APT-1061,Jamaica Plain,1720,1,1,623,2,1948,1,0,1,0,1,0,1,0,1,Clean and bright one-bedroom available in Jamaica Plain. Windows in every room keep the space feeling bright.,It served its purpose. in-unit laundry but management could be more responsive.,The listing was misleading. you can hear the neighbors above and pest problems.,Super comfortable space. storage space and I never had issues with noise.,0.0488
APT-1062,Brighton,2164,1,1,681,5,1953,0,0,1,0,0,0,0,1,0,Straightforward one-bedroom in a walkable part of Brighton. Cozy lower-level unit with some natural light.,Perfect for young professionals. gym and tons of good food nearby.,"Not bad, not amazing. courtyard is a plus. the buzzer system barely works is a minus.",One of the better apartments I've rented. kitchen and neighbors are friendly.,0.0571
APT-1063,Somerville,4582,4,4,1798,2,1909,0,1,0,0,0,0,1,0,0,Updated four-bedroom in a well-managed building in Somerville. Nice afternoon light from the west-facing windows.,My favorite apartment so far. central air and the commute to downtown was easy.,Not great. cracks in the walls was never properly addressed despite multiple requests.,Really enjoyed my time here. location and the location is unbeatable.,0.0437
APT-1064,Back Bay,3498,1,1,594,2,1887,0,1,0,0,0,1,0,1,1,"Spacious and bright one-bedroom with an open-concept layout. Chef's kitchen with gas range, stone countertops, and ample prep space. Bonus alcove works perfectly as a home office nook.",One of the better apartments I've rented. dishwasher and neighbors are friendly.,Very happy with this place. gym is exactly what I was looking for.,Would rent again in a heartbeat. bay windows and great vibes in the neighborhood.,0.06
APT-1065,South End,3288,2,2,893,4,1985,0,0,0,1,0,0,1,0,0,Straightforward two-bedroom in a walkable part of South End. Street-level unit; supplemental lighting recommended.,Disappointing overall. the bathroom could use an update and management was slow to respond.,The listing was misleading. the windows are drafty in winter and poor insulation.,Struggled with a malfunctioning thermostat the entire lease. Save your money.,0.0315
APT-1066,Beacon Hill,3957,2,2,765,4,1949,1,1,1,0,0,0,0,1,1,"Beautifully renovated two-bedroom with modern finishes throughout. The living area is bathed in natural light from multiple exposures. Steps from great restaurants, coffee shops, and nightlife.",Very happy with this place. bay windows is exactly what I was looking for.,Great apartment. modern finishes made it feel like home right away. Would definitely recommend.,One of the better apartments I've rented. balcony view and neighbors are friendly.,0.0349
APT-1067,Beacon Hill,3078,1,1,660,4,1899,0,1,1,1,1,0,1,1,1,Elegant one-bedroom offering a perfect blend of classic charm and modern convenience. Floor-to-ceiling windows flood the space with natural light all day. Quiet tree-lined street but close to everything you need.,Very happy with this place. balcony view is exactly what I was looking for.,"Good for what you pay. high ceilings, just be aware that the buzzer system barely works.",Really enjoyed my time here. parking spot and the location is unbeatable.,0.0433
APT-1068,Allston,1925,1,1,650,2,1944,1,1,1,0,0,0,0,0,0,"Basic one-bedroom with street parking available. Street-level unit; supplemental lighting recommended. Steps from great restaurants, coffee shops, and nightlife.",It served its purpose. high ceilings but management could be more responsive.,The apartment looked better in photos. the walls are thin was a constant frustration.,Struggled with heating and cooling issues the entire lease. Save your money.,0.0565
APT-1069,East Boston,2218,2,2,835,3,1955,1,1,0,0,0,1,0,1,0,Well-maintained two-bedroom in a convenient East Boston location. Nice afternoon light from the west-facing windows. Recently updated common areas and secure entry.,"Lived here a year. closet space. On the other hand, you can hear the neighbors above.","Not bad, not amazing. layout is a plus. the walls are thin is a minus.",Reasonable place. closet space was nice. the kitchen is smaller than expected was annoying at times.,0.0484
APT-1070,Somerville,3822,4,4,1727,2,2022,1,1,1,0,0,0,0,1,0,"Move-in ready four-bedroom with designer touches throughout. Chef's kitchen with gas range, stone countertops, and ample prep space.",The apartment exceeded my expectations. dishwasher and the building is well-run.,Would rent again in a heartbeat. layout and great vibes in the neighborhood.,Loved living here. The parking spot was a huge plus and the neighborhood is fantastic.,0.0447
APT-1071,Dorchester,1528,0,1,344,2,1905,1,1,1,0,0,0,0,1,1,Comfortable studio with updated appliances and good closet space. The kitchen has been updated with new countertops and appliances. High ceilings give the unit an expansive feel.,Lived here for two years and loved it. layout made a big difference day to day.,Average experience overall. modern finishes was nice but the kitchen is smaller than expected.,The apartment exceeded my expectations. open floor plan and the building is well-run.,0.0537
APT-1072,Fenway,2601,1,1,601,2,1900,0,0,0,0,0,0,1,1,0,Updated one-bedroom in a well-managed building in Fenway. Kitchen includes newer appliances and tile backsplash.,"Lived here a year. bay windows. On the other hand, the closets are tiny.",Great apartment. balcony view made it feel like home right away. Would definitely recommend.,Really enjoyed my time here. layout and the location is unbeatable.,0.0378
APT-1073,Somerville,1948,1,1,716,3,1936,0,0,0,0,0,0,1,1,1,Stunning one-bedroom in the heart of Somerville. Floor-to-ceiling windows flood the space with natural light all day. Easy access to major highways and downtown.,Very happy with this place. dishwasher is exactly what I was looking for.,The apartment exceeded my expectations. updated appliances and the building is well-run.,Solid place to live. natural light was better than expected. Management is responsive.,0.0432
APT-1074,Somerville,2256,1,1,673,4,1991,0,1,0,0,0,0,0,0,1,Move-in ready one-bedroom with designer touches throughout. South-facing exposure brings in gorgeous natural light throughout.,Perfect for young professionals. closet space and tons of good food nearby.,Very happy with this place. parking spot is exactly what I was looking for.,Decent apartment for the price. building amenities but the closets are tiny.,0.0626
APT-1075,Cambridge,2531,1,1,606,2,2010,1,1,0,0,0,0,1,0,1,"Stunning one-bedroom in the heart of Cambridge. Chef's kitchen with gas range, stone countertops, and ample prep space. Just a short walk to the waterfront and bike paths.",The apartment exceeded my expectations. layout and the building is well-run.,Great apartment. open floor plan made it feel like home right away. Would definitely recommend.,One of the better apartments I've rented. open floor plan and neighbors are friendly.,0.0679
APT-1076,East Boston,3143,4,4,1622,6,1960,0,0,0,1,0,0,0,0,0,Pleasant four-bedroom with a good layout and natural light. Windows in every room keep the space feeling bright.,My favorite apartment so far. quiet street and the commute to downtown was easy.,Disappointing overall. the buzzer system barely works and management was slow to respond.,My favorite apartment so far. hardwood floors and the commute to downtown was easy.,0.043
APT-1077,Beacon Hill,3396,1,1,634,1,1934,1,1,1,0,1,0,1,0,1,Charming one-bedroom with original hardwood floors and updated kitchen. Recently renovated kitchen with quartz counters and soft-close cabinetry. Open floor plan is great for entertaining.,Great apartment. closet space made it feel like home right away. Would definitely recommend.,Loved living here. The location was a huge plus and the neighborhood is fantastic.,Not great. poor insulation was never properly addressed despite multiple requests.,0.0736
APT-1078,East Boston,1867,1,1,713,1,1964,1,0,1,0,1,0,0,0,0,"Solid one-bedroom close to shops and restaurants in East Boston. The kitchen has been updated with new countertops and appliances. Generous closet space throughout, including a walk-in in the primary bedroom.",The listing was misleading. the bathroom could use an update and a malfunctioning thermostat.,Had ongoing issues with water pressure drops. Not worth the price.,Very happy with this place. hardwood floors is exactly what I was looking for.,0.0582
APT-1079,Brighton,2990,3,3,1155,3,1955,0,0,0,0,0,0,0,1,1,"Cozy three-bedroom with good natural light and hardwood floors. Eat-in kitchen with plenty of cabinet space. Great walkability to cafes, bookstores, and boutiques.",Would rent again in a heartbeat. layout and great vibes in the neighborhood.,Below average. parking is a nightmare and the building needs serious maintenance.,Would rent again in a heartbeat. location and great vibes in the neighborhood.,0.044
APT-1080,Beacon Hill,4099,2,2,964,4,1882,0,1,1,0,0,0,1,0,0,Pleasant two-bedroom with a good layout and natural light. Galley kitchen with updated fixtures and good counter space.,"Not bad, not amazing. dishwasher is a plus. the windows are drafty in winter is a minus.","Lived here a year. parking spot. On the other hand, the bathroom could use an update.",Great apartment. updated appliances made it feel like home right away. Would definitely recommend.,0.0863
APT-1081,Jamaica Plain,1376,0,1,384,3,2021,0,1,0,0,1,0,1,0,0,"Sun-drenched studio featuring oversized windows and high ceilings. Chef's kitchen with gas range, stone countertops, and ample prep space.",The apartment exceeded my expectations. modern finishes and the building is well-run.,Loved living here. The open floor plan was a huge plus and the neighborhood is fantastic.,One of the better apartments I've rented. courtyard and neighbors are friendly.,0.0694
APT-1082,South End,4648,3,3,1290,1,1947,0,1,1,0,1,0,0,0,0,"Move-in ready three-bedroom with designer touches throughout. Oversized bay windows create a bright, airy atmosphere.",Super comfortable space. closet space and I never had issues with noise.,Not great. water pressure drops was never properly addressed despite multiple requests.,"Lived here a year. closet space. On the other hand, the windows are drafty in winter.",0.0465
APT-1083,Brighton,1450,0,1,413,2,1963,1,1,1,0,0,0,1,0,1,Cozy studio with good natural light and hardwood floors. Eat-in kitchen with plenty of cabinet space.,Disappointing overall. the bathroom could use an update and management was slow to respond.,Solid place to live. storage space was better than expected. Management is responsive.,Had ongoing issues with a broken intercom. Not worth the price.,0.0552
APT-1084,East Boston,1582,1,1,624,1,1954,0,1,0,0,0,1,1,1,0,Comfortable one-bedroom with updated appliances and good closet space. Windows in every room keep the space feeling bright.,Below average. the windows are drafty in winter and the building needs serious maintenance.,Solid place to live. rooftop access was better than expected. Management is responsive.,Really enjoyed my time here. location and the location is unbeatable.,0.0468
APT-1085,Dorchester,1477,1,1,669,2,1934,1,1,1,1,0,0,0,1,0,one-bedroom in a quiet residential area of Dorchester. Good natural light in the main living area. Pet-friendly building with a shared courtyard.,Very happy with this place. storage space is exactly what I was looking for.,"Clean, well-maintained, and bay windows. No complaints.",My favorite apartment so far. hardwood floors and the commute to downtown was easy.,0.0486
APT-1086,Fenway,2410,1,1,668,4,1923,0,0,1,0,1,0,0,1,0,"one-bedroom in a quiet residential area of Fenway. Good natural light in the main living area. Walking distance to parks, shops, and public transit.",Average experience overall. high ceilings was nice but the kitchen is smaller than expected.,Super comfortable space. gym and I never had issues with noise.,"Lived here a year. location. On the other hand, the street noise can be rough on weekends.",0.027
APT-1087,Dorchester,1494,1,1,633,3,1965,0,0,0,1,0,0,1,0,0,Updated one-bedroom in a well-managed building in Dorchester. Galley kitchen with updated fixtures and good counter space.,"Clean, well-maintained, and balcony view. No complaints.",Would not recommend. the laundry room is always busy and the rent does not match the quality.,Decent apartment for the price. layout but the bathroom could use an update.,0.0726
APT-1088,Fenway,3463,2,2,882,2,1959,1,0,1,0,0,0,0,1,0,Updated two-bedroom in a well-managed building in Fenway. Kitchen includes newer appliances and tile backsplash.,Super comfortable space. layout and I never had issues with noise.,Mixed feelings. balcony view but I wish the bathroom was newer.,Average experience overall. kitchen was nice but the street noise can be rough on weekends.,0.0358
APT-1089,South End,4366,3,3,1158,6,1923,1,1,1,0,0,0,0,1,0,Impeccably maintained three-bedroom in a sought-after South End location. South-facing exposure brings in gorgeous natural light throughout. Elevator building with package room and bike storage.,Perfect for young professionals. quiet street and tons of good food nearby.,Had a great experience. parking spot and it's super walkable to everything.,"Clean, well-maintained, and balcony view. No complaints.",0.0477
APT-1090,Beacon Hill,3387,1,1,769,1,1924,0,1,0,1,0,0,0,0,1,"Gorgeous one-bedroom in a meticulously maintained brownstone. The kitchen features granite countertops, stainless steel appliances, and a breakfast bar.",Adequate for the area. bay windows. Could use some updates though.,"Clean, well-maintained, and high ceilings. No complaints.",Great apartment. parking spot made it feel like home right away. Would definitely recommend.,0.0593
APT-1091,Back Bay,3319,1,1,618,2,1893,1,1,1,0,0,0,1,0,0,Elegant one-bedroom offering a perfect blend of classic charm and modern convenience. The living area is bathed in natural light from multiple exposures.,Lived here for two years and loved it. hardwood floors made a big difference day to day.,Great apartment. central air made it feel like home right away. Would definitely recommend.,Average experience overall. kitchen was nice but the elevator is slow.,0.0565
APT-1092,Back Bay,3135,1,1,589,2,1917,0,1,1,1,1,0,0,0,1,Move-in ready one-bedroom with designer touches throughout. The living area is bathed in natural light from multiple exposures.,"Clean, well-maintained, and high ceilings. No complaints.",Really enjoyed my time here. bay windows and the location is unbeatable.,Really appreciated updated appliances. The management fixed things quickly when needed.,0.0634
APT-1093,Somerville,2370,1,1,724,4,2001,0,1,1,0,0,0,1,1,0,Stunning one-bedroom in the heart of Somerville. Recently renovated kitchen with quartz counters and soft-close cabinetry.,My favorite apartment so far. modern finishes and the commute to downtown was easy.,Perfect for young professionals. open floor plan and tons of good food nearby.,Had a great experience. closet space and it's super walkable to everything.,0.0521
APT-1094,Allston,2364,2,2,919,1,1984,0,1,1,0,1,0,0,0,0,"Impeccably maintained two-bedroom in a sought-after Allston location. Oversized bay windows create a bright, airy atmosphere. Well-maintained building with responsive management.",Very happy with this place. parking spot is exactly what I was looking for.,Loved living here. The location was a huge plus and the neighborhood is fantastic.,Perfect for young professionals. high ceilings and tons of good food nearby.,0.0469
APT-1095,Dorchester,2693,4,4,1484,1,1952,0,0,1,0,1,0,1,0,1,four-bedroom in Dorchester. Utilities are reasonable. Kitchen comes with a refrigerator and electric stove. Recently updated common areas and secure entry.,Disappointing overall. the hallways are a bit run-down and management was slow to respond.,Reasonable place. dishwasher was nice. the buzzer system barely works was annoying at times.,Solid place to live. high ceilings was better than expected. Management is responsive.,0.0382
APT-1096,Fenway,3557,3,3,1221,2,1958,1,1,1,0,0,1,1,0,0,"Elegant three-bedroom offering a perfect blend of classic charm and modern convenience. Chef's kitchen with gas range, stone countertops, and ample prep space.","Good for what you pay. high ceilings, just be aware that the street noise can be rough on weekends.",Would rent again in a heartbeat. layout and great vibes in the neighborhood.,Super comfortable space. modern finishes and I never had issues with noise.,0.0937
APT-1097,Beacon Hill,4445,2,2,837,1,1912,0,0,0,0,1,0,0,0,1,"Clean and bright two-bedroom available in Beacon Hill. Nice afternoon light from the west-facing windows. Steps from great restaurants, coffee shops, and nightlife.",Adequate for the area. balcony view. Could use some updates though.,One of the better apartments I've rented. closet space and neighbors are friendly.,Really enjoyed my time here. renovated bathroom and the location is unbeatable.,0.0507
APT-1098,Somerville,2265,2,2,1097,4,2012,0,0,0,0,1,0,1,1,0,"Impeccably maintained two-bedroom in a sought-after Somerville location. Oversized bay windows create a bright, airy atmosphere. High ceilings give the unit an expansive feel.",Reasonable place. storage space was nice. the laundry room is always busy was annoying at times.,One of the better apartments I've rented. building amenities and neighbors are friendly.,It was fine. central air though the buzzer system barely works.,0.052
APT-1099,Fenway,2096,1,1,755,4,2025,1,1,0,1,1,0,0,0,1,Nice one-bedroom with a functional layout and recent updates. Nice afternoon light from the west-facing windows.,It served its purpose. location but management could be more responsive.,Great apartment. bay windows made it feel like home right away. Would definitely recommend.,Loved living here. The courtyard was a huge plus and the neighborhood is fantastic.,0.0797
APT-1100,Back Bay,2609,1,1,603,1,1901,0,1,0,0,1,0,1,0,1,"Stunning one-bedroom in the heart of Back Bay. The kitchen features granite countertops, stainless steel appliances, and a breakfast bar.",Super comfortable space. natural light and I never had issues with noise.,The apartment exceeded my expectations. gym and the building is well-run.,One of the better apartments I've rented. quiet street and neighbors are friendly.,0.0586
APT-1101,Dorchester,1938,2,2,967,2,2010,0,0,1,0,0,1,1,0,1,Affordable two-bedroom in Dorchester. Kitchen comes with a refrigerator and electric stove.,Loved living here. The open floor plan was a huge plus and the neighborhood is fantastic.,Great apartment. storage space made it feel like home right away. Would definitely recommend.,Overpriced for what you get. the kitchen is smaller than expected.,0.0472
APT-1102,East Boston,1745,1,1,690,3,1980,1,1,1,0,0,0,1,0,1,Freshly painted one-bedroom ready for immediate move-in. The kitchen has been updated with new countertops and appliances. Bonus alcove works perfectly as a home office nook.,Below average. the heating system is inconsistent and the building needs serious maintenance.,"Clean, well-maintained, and updated appliances. No complaints.",Loved living here. The in-unit laundry was a huge plus and the neighborhood is fantastic.,0.0423
APT-1103,Charlestown,1600,0,1,518,1,1943,1,1,0,0,1,1,1,0,1,Elegant studio offering a perfect blend of classic charm and modern convenience. Floor-to-ceiling windows flood the space with natural light all day.,My favorite apartment so far. storage space and the commute to downtown was easy.,Had a great experience. kitchen and it's super walkable to everything.,Perfect for young professionals. gym and tons of good food nearby.,0.0553
APT-1104,South End,3320,1,1,659,2,2012,1,1,0,0,0,0,1,0,1,Sun-drenched one-bedroom featuring oversized windows and high ceilings. The living area is bathed in natural light from multiple exposures.,Would rent again in a heartbeat. high ceilings and great vibes in the neighborhood.,Adequate for the area. location. Could use some updates though.,Perfect for young professionals. kitchen and tons of good food nearby.,0.0574
APT-1105,Charlestown,3672,2,2,1089,4,1908,0,0,1,0,0,1,0,1,1,"Pleasant two-bedroom with a good layout and natural light. Eat-in kitchen with plenty of cabinet space. Steps from great restaurants, coffee shops, and nightlife.","Clean, well-maintained, and courtyard. No complaints.",Solid place to live. rooftop access was better than expected. Management is responsive.,Would not recommend. the bathroom could use an update and the rent does not match the quality.,0.069
APT-1106,Dorchester,1713,1,1,756,3,1991,0,0,1,0,1,0,0,0,0,Simple one-bedroom with the basics covered. Kitchen comes with a refrigerator and electric stove. Secure building with on-site management.,Below average. the laundry room is always busy and the building needs serious maintenance.,The apartment looked better in photos. the kitchen is smaller than expected was a constant frustration.,Struggled with poor insulation the entire lease. Save your money.,0.0569
APT-1107,Somerville,2886,2,2,710,1,2004,0,1,1,1,1,0,1,0,1,two-bedroom in a quiet residential area of Somerville. The kitchen has been updated with new countertops and appliances. Open floor plan is great for entertaining.,Had ongoing issues with cracks in the walls. Not worth the price.,Super comfortable space. courtyard and I never had issues with noise.,Had ongoing issues with unreliable hot water. Not worth the price.,0.025
APT-1108,East Boston,2116,2,2,977,1,1964,0,1,1,0,0,0,0,1,1,Charming two-bedroom with original hardwood floors and updated kitchen. The living area is bathed in natural light from multiple exposures. Easy access to major highways and downtown.,Reasonable place. dishwasher was nice. the walls are thin was annoying at times.,One of the better apartments I've rented. open floor plan and neighbors are friendly.,Had ongoing issues with cracks in the walls. Not worth the price.,0.0566
APT-1109,Somerville,3035,2,2,750,4,1982,0,0,0,0,0,0,0,0,1,Well-maintained two-bedroom in a convenient Somerville location. Galley kitchen with updated fixtures and good counter space.,Loved living here. The building amenities was a huge plus and the neighborhood is fantastic.,Disappointing overall. the buzzer system barely works and management was slow to respond.,Reasonable place. gym was nice. you can hear the neighbors above was annoying at times.,0.0383
APT-1110,Fenway,3312,2,2,896,1,2022,0,1,0,0,0,0,1,1,0,Basic two-bedroom with street parking available. Kitchen has basic appliances and adequate counter space.,Ended my lease early because of pest problems. Very frustrating experience.,"Lived here a year. hardwood floors. On the other hand, the elevator is slow.","Clean, well-maintained, and location. No complaints.",0.0445
APT-1111,East Boston,2739,4,4,1728,5,1978,1,0,0,0,0,0,1,0,1,Nice four-bedroom with a functional layout and recent updates. Eat-in kitchen with plenty of cabinet space. Bonus alcove works perfectly as a home office nook.,Solid place to live. central air was better than expected. Management is responsive.,Really appreciated storage space. The management fixed things quickly when needed.,Disappointing overall. there's limited counter space and management was slow to respond.,0.038
APT-1112,South End,3438,2,2,785,5,2007,0,1,0,0,0,0,1,0,0,"Charming two-bedroom with original hardwood floors and updated kitchen. Modern kitchen with sleek cabinetry, under-cabinet lighting, and high-end appliances.",Would rent again in a heartbeat. closet space and great vibes in the neighborhood.,"Not bad, not amazing. closet space is a plus. the heating system is inconsistent is a minus.","Not bad, not amazing. hardwood floors is a plus. the heating system is inconsistent is a minus.",0.0672
APT-1113,Charlestown,3312,3,3,1272,3,1883,1,1,1,1,0,0,0,1,1,Pleasant three-bedroom with a good layout and natural light. Galley kitchen with updated fixtures and good counter space.,It was fine. hardwood floors though there's limited counter space.,Lived here for two years and loved it. parking spot made a big difference day to day.,"Lived here a year. hardwood floors. On the other hand, the walls are thin.",0.0495
APT-1114,Dorchester,1592,1,1,569,4,1990,1,1,0,0,0,1,0,0,0,one-bedroom in a quiet residential area of Dorchester. The kitchen has been updated with new countertops and appliances.,Struggled with mice in the building the entire lease. Save your money.,Very happy with this place. in-unit laundry is exactly what I was looking for.,Solid place to live. open floor plan was better than expected. Management is responsive.,0.0329
APT-1115,Cambridge,5025,3,3,1205,1,2001,0,0,1,0,1,1,1,0,1,three-bedroom in a quiet residential area of Cambridge. Good natural light in the main living area. Neighborhood favorites for brunch and dinner are just around the corner.,Would rent again in a heartbeat. in-unit laundry and great vibes in the neighborhood.,Mixed feelings. quiet street but I wish there was more closet space.,Really appreciated rooftop access. The management fixed things quickly when needed.,0.0607
APT-1116,Fenway,3154,2,2,876,2,2021,0,1,1,0,0,1,0,0,0,Sun-drenched two-bedroom featuring oversized windows and high ceilings. Recently renovated kitchen with quartz counters and soft-close cabinetry. Private outdoor space perfect for morning coffee.,Really appreciated dishwasher. The management fixed things quickly when needed.,Super comfortable space. parking spot and I never had issues with noise.,Solid place to live. central air was better than expected. Management is responsive.,0.0687
APT-1117,Cambridge,3295,2,2,837,2,1965,1,1,0,0,0,0,1,1,1,Impeccably maintained two-bedroom in a sought-after Cambridge location. The living area is bathed in natural light from multiple exposures.,Lived here for two years and loved it. renovated bathroom made a big difference day to day.,Decent apartment for the price. gym but the elevator is slow.,Struggled with pest problems the entire lease. Save your money.,0.0224
APT-1118,East Boston,1463,1,1,756,3,1951,1,1,0,0,1,1,0,1,1,"Charming one-bedroom with original hardwood floors and updated kitchen. Modern kitchen with sleek cabinetry, under-cabinet lighting, and high-end appliances. Building includes a fitness center and community lounge.",Really enjoyed my time here. layout and the location is unbeatable.,It was fine. building amenities though the water pressure could be better.,Adequate for the area. storage space. Could use some updates though.,0.0582
APT-1119,Charlestown,3220,2,2,933,1,1932,1,1,1,1,0,1,0,1,1,Sun-drenched two-bedroom featuring oversized windows and high ceilings. Floor-to-ceiling windows flood the space with natural light all day. Quiet tree-lined street but close to everything you need.,Very happy with this place. courtyard is exactly what I was looking for.,Lived here for two years and loved it. balcony view made a big difference day to day.,"Clean, well-maintained, and renovated bathroom. No complaints.",0.0865
APT-1120,Cambridge,3435,2,2,796,2,1961,0,0,0,0,1,0,0,0,1,"Comfortable two-bedroom with updated appliances and good closet space. The kitchen has been updated with new countertops and appliances. Generous closet space throughout, including a walk-in in the primary bedroom.",Decent apartment for the price. storage space but the bathroom could use an update.,Overpriced for what you get. there's limited counter space.,The listing was misleading. the laundry room is always busy and unreliable hot water.,0.0481
APT-1121,South End,2657,1,1,539,2,1949,0,1,1,0,0,0,1,1,0,"Charming one-bedroom with original hardwood floors and updated kitchen. Oversized bay windows create a bright, airy atmosphere. Easy access to major highways and downtown.",The apartment exceeded my expectations. renovated bathroom and the building is well-run.,Really appreciated renovated bathroom. The management fixed things quickly when needed.,"Clean, well-maintained, and central air. No complaints.",0.0352
APT-1122,Allston,3681,4,4,1769,4,1965,0,0,0,0,0,0,1,1,1,four-bedroom in a quiet residential area of Allston. The kitchen has been updated with new countertops and appliances. Open floor plan is great for entertaining.,One of the better apartments I've rented. courtyard and neighbors are friendly.,Very happy with this place. layout is exactly what I was looking for.,The apartment exceeded my expectations. high ceilings and the building is well-run.,0.0687
APT-1123,Back Bay,5713,4,4,1434,3,1936,1,0,0,0,1,0,1,0,0,"Stunning four-bedroom in the heart of Back Bay. Chef's kitchen with gas range, stone countertops, and ample prep space. Surrounded by local shops, bakeries, and green space.",Solid place to live. high ceilings was better than expected. Management is responsive.,Great apartment. dishwasher made it feel like home right away. Would definitely recommend.,Mixed feelings. central air but I wish management communicated more.,0.0707
APT-1124,Brighton,3011,4,4,1563,3,1952,0,1,1,1,0,0,1,1,1,Cozy four-bedroom with good natural light and hardwood floors. Nice afternoon light from the west-facing windows. Built-in shelving and extra storage in the hallway.,It served its purpose. layout but management could be more responsive.,Would rent again in a heartbeat. natural light and great vibes in the neighborhood.,Not great. a malfunctioning thermostat was never properly addressed despite multiple requests.,0.0336
APT-1125,Brighton,2534,2,2,1106,4,1955,1,1,0,0,0,0,1,1,1,two-bedroom available now in Brighton. Great price for the area. Kitchen comes with a refrigerator and electric stove. Private outdoor space perfect for morning coffee.,The listing was misleading. the heating system is inconsistent and water pressure drops.,Overpriced for what you get. the water pressure could be better.,Below average. the street noise can be rough on weekends and the building needs serious maintenance.,0.0582
APT-1126,Cambridge,2580,1,1,612,5,1996,0,0,1,1,0,1,0,0,1,Cozy one-bedroom with good natural light and hardwood floors. Kitchen includes newer appliances and tile backsplash. Recently updated common areas and secure entry.,Solid place to live. bay windows was better than expected. Management is responsive.,My favorite apartment so far. high ceilings and the commute to downtown was easy.,"Clean, well-maintained, and renovated bathroom. No complaints.",0.0416
APT-1127,Cambridge,2773,1,1,585,1,2013,1,0,1,1,1,0,1,1,1,"Gorgeous one-bedroom in a meticulously maintained brownstone. Modern kitchen with sleek cabinetry, under-cabinet lighting, and high-end appliances. Easy access to major highways and downtown.",Super comfortable space. natural light and I never had issues with noise.,"Clean, well-maintained, and open floor plan. No complaints.",Great apartment. quiet street made it feel like home right away. Would definitely recommend.,0.0598
APT-1128,East Boston,1683,1,1,579,1,1956,0,0,0,0,0,0,0,1,1,Comfortable one-bedroom with updated appliances and good closet space. Kitchen includes newer appliances and tile backsplash. Quiet building with thick walls and good insulation.,Adequate for the area. quiet street. Could use some updates though.,Average experience overall. closet space was nice but the elevator is slow.,It served its purpose. building amenities but management could be more responsive.,0.0546
APT-1129,Jamaica Plain,3124,3,3,1059,1,2010,0,1,1,0,0,0,0,0,1,Solid three-bedroom close to shops and restaurants in Jamaica Plain. Eat-in kitchen with plenty of cabinet space. Private outdoor space perfect for morning coffee.,Great apartment. updated appliances made it feel like home right away. Would definitely recommend.,Really appreciated hardwood floors. The management fixed things quickly when needed.,Really enjoyed my time here. high ceilings and the location is unbeatable.,0.0656
APT-1130,South End,3019,2,2,958,2,1978,1,0,1,0,0,0,1,0,1,Spacious and bright two-bedroom with an open-concept layout. South-facing exposure brings in gorgeous natural light throughout. Quiet building with thick walls and good insulation.,Would rent again in a heartbeat. open floor plan and great vibes in the neighborhood.,Really appreciated central air. The management fixed things quickly when needed.,Really enjoyed my time here. closet space and the location is unbeatable.,0.0688
APT-1131,Allston,1246,0,1,352,3,1948,0,0,1,0,0,0,1,0,1,No-frills studio in a convenient location. Cozy lower-level unit with some natural light.,"Not bad, not amazing. building amenities is a plus. the hallways are a bit run-down is a minus.",Ended my lease early because of pest problems. Very frustrating experience.,Reasonable place. balcony view was nice. the buzzer system barely works was annoying at times.,0.0426
APT-1132,Allston,1769,1,1,579,5,1951,1,1,0,0,0,0,1,1,0,Well-maintained one-bedroom in a convenient Allston location. Good natural light in the main living area. Close to local farmers markets and community events.,Mixed feelings. layout but I wish the kitchen had been updated.,Decent apartment for the price. modern finishes but the walls are thin.,Very happy with this place. rooftop access is exactly what I was looking for.,0.0292
APT-1133,South End,3601,2,2,769,5,1916,0,1,0,0,0,1,1,0,1,"Gorgeous two-bedroom in a meticulously maintained brownstone. Modern kitchen with sleek cabinetry, under-cabinet lighting, and high-end appliances. Secure building with on-site management.",One of the better apartments I've rented. central air and neighbors are friendly.,Great apartment. in-unit laundry made it feel like home right away. Would definitely recommend.,Really appreciated layout. The management fixed things quickly when needed.,0.0533
APT-1134,Allston,1987,2,2,858,1,1942,0,0,0,1,0,1,1,0,1,Well-maintained two-bedroom in a convenient Allston location. The kitchen has been updated with new countertops and appliances.,Overpriced for what you get. the laundry room is always busy.,Really enjoyed my time here. in-unit laundry and the location is unbeatable.,Reasonable place. renovated bathroom was nice. the windows are drafty in winter was annoying at times.,0.0469
APT-1135,Allston,2356,2,2,777,3,1974,1,0,1,0,0,0,1,1,1,Clean and bright two-bedroom available in Allston. Windows in every room keep the space feeling bright. The layout offers great separation between bedrooms.,Perfect for young professionals. natural light and tons of good food nearby.,Would rent again in a heartbeat. closet space and great vibes in the neighborhood.,Mixed feelings. courtyard but I wish there was more closet space.,0.0756
APT-1136,Jamaica Plain,1855,2,2,813,3,1904,1,1,1,1,0,0,1,0,1,"Well-maintained two-bedroom in a convenient Jamaica Plain location. Kitchen includes newer appliances and tile backsplash. Steps from great restaurants, coffee shops, and nightlife.",Perfect for young professionals. closet space and tons of good food nearby.,The apartment exceeded my expectations. modern finishes and the building is well-run.,One of the better apartments I've rented. renovated bathroom and neighbors are friendly.,0.0617
APT-1137,South End,5444,4,4,1484,1,1974,1,1,0,0,0,0,0,0,1,"Elegant four-bedroom offering a perfect blend of classic charm and modern convenience. Modern kitchen with sleek cabinetry, under-cabinet lighting, and high-end appliances. Bonus alcove works perfectly as a home office nook.",The apartment exceeded my expectations. dishwasher and the building is well-run.,Had a great experience. bay windows and it's super walkable to everything.,Mixed feelings. gym but I wish the windows were better insulated.,0.0546
APT-1138,Cambridge,3082,1,1,669,3,1924,0,1,1,0,0,0,1,0,1,"Spacious and bright one-bedroom with an open-concept layout. South-facing exposure brings in gorgeous natural light throughout. Steps from great restaurants, coffee shops, and nightlife.",Loved living here. The dishwasher was a huge plus and the neighborhood is fantastic.,Super comfortable space. bay windows and I never had issues with noise.,It was fine. parking spot though the heating system is inconsistent.,0.0492
APT-1139,Cambridge,2625,1,1,616,5,1964,1,1,0,0,0,1,0,1,0,Move-in ready one-bedroom with designer touches throughout. Floor-to-ceiling windows flood the space with natural light all day. Pet-friendly building with a shared courtyard.,The apartment exceeded my expectations. hardwood floors and the building is well-run.,Lived here for two years and loved it. natural light made a big difference day to day.,Lived here for two years and loved it. kitchen made a big difference day to day.,0.051
APT-1140,East Boston,1774,1,1,811,1,1965,0,0,0,1,0,0,1,1,1,Well-maintained one-bedroom in a convenient East Boston location. Windows in every room keep the space feeling bright. Elevator building with package room and bike storage.,Adequate for the area. location. Could use some updates though.,Reasonable place. high ceilings was nice. the bathroom could use an update was annoying at times.,Below average. the heating system is inconsistent and the building needs serious maintenance.,0.0487
APT-1141,Charlestown,4939,4,4,1521,3,1934,0,1,1,0,0,1,1,0,0,Freshly painted four-bedroom ready for immediate move-in. Eat-in kitchen with plenty of cabinet space. Just a short walk to the waterfront and bike paths.,Loved living here. The location was a huge plus and the neighborhood is fantastic.,Perfect for young professionals. layout and tons of good food nearby.,Solid place to live. hardwood floors was better than expected. Management is responsive.,0.0405
APT-1142,East Boston,1768,2,2,862,3,1956,0,0,0,0,0,0,0,0,1,Well-maintained two-bedroom in a convenient East Boston location. Kitchen includes newer appliances and tile backsplash.,Great apartment. storage space made it feel like home right away. Would definitely recommend.,Very happy with this place. natural light is exactly what I was looking for.,It served its purpose. dishwasher but management could be more responsive.,0.0702
APT-1143,Somerville,1672,0,1,438,1,1929,1,1,1,0,1,0,1,0,1,Thoughtfully designed studio with premium finishes and abundant storage. Floor-to-ceiling windows flood the space with natural light all day.,Perfect for young professionals. rooftop access and tons of good food nearby.,"Good for what you pay. high ceilings, just be aware that there's limited counter space.",One of the better apartments I've rented. modern finishes and neighbors are friendly.,0.0297
APT-1144,Cambridge,2825,1,1,710,3,1968,0,0,1,0,0,1,0,0,1,Freshly painted one-bedroom ready for immediate move-in. Eat-in kitchen with plenty of cabinet space.,Not great. noise from the street was never properly addressed despite multiple requests.,Struggled with mold in the bathroom the entire lease. Save your money.,Loved living here. The location was a huge plus and the neighborhood is fantastic.,0.0672
APT-1145,Cambridge,3597,2,2,855,3,2007,1,1,1,0,0,0,1,0,1,"Sun-drenched two-bedroom featuring oversized windows and high ceilings. South-facing exposure brings in gorgeous natural light throughout. Walking distance to parks, shops, and public transit.",Would rent again in a heartbeat. natural light and great vibes in the neighborhood.,"Clean, well-maintained, and in-unit laundry. No complaints.","Good for what you pay. balcony view, just be aware that the kitchen is smaller than expected.",0.0953
APT-1146,Jamaica Plain,1990,1,1,669,1,1984,0,0,0,0,0,0,1,0,0,Well-maintained one-bedroom in a convenient Jamaica Plain location. Nice afternoon light from the west-facing windows. Private outdoor space perfect for morning coffee.,"Lived here a year. open floor plan. On the other hand, the street noise can be rough on weekends.",Super comfortable space. quiet street and I never had issues with noise.,Adequate for the area. kitchen. Could use some updates though.,0.0369
APT-1147,South End,3925,2,2,807,4,1994,1,1,1,0,0,0,1,1,0,Sun-drenched two-bedroom featuring oversized windows and high ceilings. Floor-to-ceiling windows flood the space with natural light all day. Built-in shelving and extra storage in the hallway.,Reasonable place. closet space was nice. there's limited counter space was annoying at times.,Really appreciated balcony view. The management fixed things quickly when needed.,Average experience overall. building amenities was nice but the windows are drafty in winter.,0.0497
APT-1148,Beacon Hill,5134,3,3,1248,4,1933,1,1,0,0,1,0,0,1,0,"Stunning three-bedroom in the heart of Beacon Hill. Modern kitchen with sleek cabinetry, under-cabinet lighting, and high-end appliances. Laundry facilities on every floor.","Clean, well-maintained, and courtyard. No complaints.",Solid place to live. modern finishes was better than expected. Management is responsive.,My favorite apartment so far. central air and the commute to downtown was easy.,0.0535
APT-1149,Fenway,1926,0,1,397,1,1941,1,1,0,0,1,1,0,1,1,Freshly painted studio ready for immediate move-in. Windows in every room keep the space feeling bright.,Would not recommend. you can hear the neighbors above and the rent does not match the quality.,"Lived here a year. quiet street. On the other hand, the kitchen is smaller than expected.",Solid place to live. rooftop access was better than expected. Management is responsive.,0.0566
APT-1150,Cambridge,2323,0,1,400,3,1993,0,0,0,0,0,1,1,0,1,"Sun-drenched studio featuring oversized windows and high ceilings. Modern kitchen with sleek cabinetry, under-cabinet lighting, and high-end appliances. Bonus alcove works perfectly as a home office nook.",Really appreciated in-unit laundry. The management fixed things quickly when needed.,Not great. water pressure drops was never properly addressed despite multiple requests.,"Good for what you pay. kitchen, just be aware that the laundry room is always busy.",0.0683
APT-1151,Back Bay,4076,2,2,1102,2,1888,1,1,1,1,0,0,0,0,1,"Sun-drenched two-bedroom featuring oversized windows and high ceilings. Oversized bay windows create a bright, airy atmosphere. High ceilings give the unit an expansive feel.",Super comfortable space. open floor plan and I never had issues with noise.,"Not bad, not amazing. central air is a plus. the windows are drafty in winter is a minus.",Would rent again in a heartbeat. kitchen and great vibes in the neighborhood.,0.043
APT-1152,Brighton,1907,2,2,1061,3,1961,0,0,1,0,1,1,0,0,0,Freshly painted two-bedroom ready for immediate move-in. Good natural light in the main living area. Bonus alcove works perfectly as a home office nook.,Adequate for the area. rooftop access. Could use some updates though.,One of the better apartments I've rented. layout and neighbors are friendly.,Would not recommend. parking is a nightmare and the rent does not match the quality.,0.0551
APT-1153,Dorchester,2086,2,2,778,5,2010,0,1,0,1,0,0,0,0,1,"Stunning two-bedroom in the heart of Dorchester. The living area is bathed in natural light from multiple exposures. Steps from great restaurants, coffee shops, and nightlife.",Super comfortable space. storage space and I never had issues with noise.,Decent apartment for the price. kitchen but parking is a nightmare.,Mixed feelings. parking spot but I wish the laundry was in-unit.,0.0588
APT-1154,Fenway,2557,1,1,706,2,1920,1,1,1,0,0,1,1,1,1,"Spacious and bright one-bedroom with an open-concept layout. South-facing exposure brings in gorgeous natural light throughout. Great walkability to cafes, bookstores, and boutiques.",Decent apartment for the price. kitchen but the water pressure could be better.,Really enjoyed my time here. hardwood floors and the location is unbeatable.,Adequate for the area. updated appliances. Could use some updates though.,0.0662
APT-1155,Cambridge,2541,1,1,686,2,2002,0,1,1,0,0,0,1,0,0,Elegant one-bedroom offering a perfect blend of classic charm and modern convenience. South-facing exposure brings in gorgeous natural light throughout. Easy access to major highways and downtown.,My favorite apartment so far. high ceilings and the commute to downtown was easy.,Great apartment. rooftop access made it feel like home right away. Would definitely recommend.,Had a great experience. gym and it's super walkable to everything.,0.0835
APT-1156,Cambridge,4034,2,2,844,2,1966,1,1,0,0,1,1,1,0,1,Nice two-bedroom with a functional layout and recent updates. Galley kitchen with updated fixtures and good counter space.,Adequate for the area. storage space. Could use some updates though.,Great apartment. hardwood floors made it feel like home right away. Would definitely recommend.,Great apartment. bay windows made it feel like home right away. Would definitely recommend.,0.0546
APT-1157,Charlestown,3695,3,3,1357,2,1943,0,1,1,1,0,0,0,0,0,Updated three-bedroom in a well-managed building in Charlestown. Windows in every room keep the space feeling bright.,Below average. the walls are thin and the building needs serious maintenance.,Not great. noise from the street was never properly addressed despite multiple requests.,Lived here for two years and loved it. location made a big difference day to day.,0.0779
APT-1158,Back Bay,2391,0,1,426,3,1925,1,1,1,0,0,0,0,0,1,Nice studio with a functional layout and recent updates. Windows in every room keep the space feeling bright. Conveniently located near grocery stores and pharmacies.,My favorite apartment so far. gym and the commute to downtown was easy.,Loved living here. The storage space was a huge plus and the neighborhood is fantastic.,Average experience overall. location was nice but the hallways are a bit run-down.,0.0236
APT-1159,South End,3111,1,1,655,4,2025,0,0,0,0,0,0,1,0,1,Updated one-bedroom in a well-managed building in South End. Nice afternoon light from the west-facing windows.,The apartment exceeded my expectations. kitchen and the building is well-run.,Reasonable place. courtyard was nice. the hallways are a bit run-down was annoying at times.,It served its purpose. renovated bathroom but management could be more responsive.,0.025
APT-1160,South End,2778,1,1,780,3,1964,0,1,1,0,0,0,1,0,0,"Move-in ready one-bedroom with designer touches throughout. Oversized bay windows create a bright, airy atmosphere. Surrounded by local shops, bakeries, and green space.",Really enjoyed my time here. parking spot and the location is unbeatable.,It served its purpose. parking spot but management could be more responsive.,Great apartment. natural light made it feel like home right away. Would definitely recommend.,0.0369
APT-1161,Allston,1682,1,1,628,3,1957,0,1,1,1,0,0,1,0,1,No-frills one-bedroom in a convenient location. Small but functional kitchen. Secure building with on-site management.,Not great. heating and cooling issues was never properly addressed despite multiple requests.,Had ongoing issues with cracks in the walls. Not worth the price.,One of the better apartments I've rented. in-unit laundry and neighbors are friendly.,0.0466
APT-1162,South End,2198,0,1,487,2,2015,0,1,1,0,0,1,0,1,0,"Elegant studio offering a perfect blend of classic charm and modern convenience. Oversized bay windows create a bright, airy atmosphere. Neighborhood favorites for brunch and dinner are just around the corner.",One of the better apartments I've rented. modern finishes and neighbors are friendly.,Really appreciated hardwood floors. The management fixed things quickly when needed.,Really appreciated storage space. The management fixed things quickly when needed.,0.0763
APT-1163,Fenway,3104,2,2,780,6,2000,0,1,1,1,1,1,1,1,1,"Beautifully renovated two-bedroom with modern finishes throughout. The kitchen features granite countertops, stainless steel appliances, and a breakfast bar.",It served its purpose. balcony view but management could be more responsive.,One of the better apartments I've rented. building amenities and neighbors are friendly.,One of the better apartments I've rented. bay windows and neighbors are friendly.,0.0705
APT-1164,Jamaica Plain,2468,2,2,897,4,1916,0,1,1,1,0,0,1,0,0,Freshly painted two-bedroom ready for immediate move-in. Good natural light in the main living area.,Loved living here. The open floor plan was a huge plus and the neighborhood is fantastic.,"Clean, well-maintained, and closet space. No complaints.",Decent apartment for the price. natural light but the windows are drafty in winter.,0.0584
APT-1165,Back Bay,3690,2,2,840,4,1930,0,1,0,0,0,0,0,0,1,Stunning two-bedroom in the heart of Back Bay. The living area is bathed in natural light from multiple exposures.,Would not recommend. the elevator is slow and the rent does not match the quality.,"Lived here a year. gym. On the other hand, there's limited counter space.",Very happy with this place. open floor plan is exactly what I was looking for.,0.0433
APT-1166,Charlestown,2242,1,1,658,3,1893,0,1,1,0,0,1,1,0,1,Updated one-bedroom in a well-managed building in Charlestown. Good natural light in the main living area. Roof deck with city views available to all residents.,Perfect for young professionals. natural light and tons of good food nearby.,Ended my lease early because of pest problems. Very frustrating experience.,"Good for what you pay. bay windows, just be aware that the bathroom could use an update.",0.0828
APT-1167,South End,1653,0,1,508,1,2015,1,1,0,1,0,0,0,1,0,"Impeccably maintained studio in a sought-after South End location. The kitchen features granite countertops, stainless steel appliances, and a breakfast bar.",Had a great experience. in-unit laundry and it's super walkable to everything.,My favorite apartment so far. hardwood floors and the commute to downtown was easy.,Great apartment. in-unit laundry made it feel like home right away. Would definitely recommend.,0.0344
APT-1168,South End,2776,1,1,621,4,1910,1,1,1,0,0,0,1,0,1,Well-maintained one-bedroom in a convenient South End location. Good natural light in the main living area. Well-maintained building with responsive management.,"Not bad, not amazing. in-unit laundry is a plus. the water pressure could be better is a minus.",Really enjoyed my time here. layout and the location is unbeatable.,"Lived here a year. updated appliances. On the other hand, the kitchen is smaller than expected.",0.0428
APT-1169,Brighton,1635,1,1,786,3,1952,1,1,1,0,0,0,1,0,0,Clean and bright one-bedroom available in Brighton. The kitchen has been updated with new countertops and appliances. Bonus alcove works perfectly as a home office nook.,Decent apartment for the price. courtyard but the kitchen is smaller than expected.,One of the better apartments I've rented. kitchen and neighbors are friendly.,Loved living here. The rooftop access was a huge plus and the neighborhood is fantastic.,0.0789
APT-1170,Somerville,2219,1,1,561,4,1931,1,1,0,0,0,0,1,1,1,Nice one-bedroom with a functional layout and recent updates. Good natural light in the main living area. Just a short walk to the waterfront and bike paths.,The apartment exceeded my expectations. kitchen and the building is well-run.,Perfect for young professionals. bay windows and tons of good food nearby.,Really enjoyed my time here. in-unit laundry and the location is unbeatable.,0.0595
APT-1171,Back Bay,3436,2,2,977,1,1939,1,1,1,0,0,0,0,0,1,Thoughtfully designed two-bedroom with premium finishes and abundant storage. Recently renovated kitchen with quartz counters and soft-close cabinetry. Building includes a fitness center and community lounge.,My favorite apartment so far. bay windows and the commute to downtown was easy.,Super comfortable space. layout and I never had issues with noise.,Loved living here. The parking spot was a huge plus and the neighborhood is fantastic.,0.0556
APT-1172,Back Bay,6073,4,4,1685,3,1934,1,1,0,0,0,1,0,1,0,Gorgeous four-bedroom in a meticulously maintained brownstone. Recently renovated kitchen with quartz counters and soft-close cabinetry.,The apartment exceeded my expectations. storage space and the building is well-run.,"Not bad, not amazing. parking spot is a plus. the street noise can be rough on weekends is a minus.",Would rent again in a heartbeat. building amenities and great vibes in the neighborhood.,0.0778
APT-1173,Back Bay,4214,3,3,1288,5,1922,1,1,0,0,0,0,1,0,0,"Charming three-bedroom with original hardwood floors and updated kitchen. Oversized bay windows create a bright, airy atmosphere.",Lived here for two years and loved it. balcony view made a big difference day to day.,Average experience overall. updated appliances was nice but parking is a nightmare.,Perfect for young professionals. rooftop access and tons of good food nearby.,0.0603
APT-1174,Cambridge,4336,3,3,1019,4,1974,1,1,1,1,1,0,1,1,0,"Thoughtfully designed three-bedroom with premium finishes and abundant storage. Chef's kitchen with gas range, stone countertops, and ample prep space.","Lived here a year. bay windows. On the other hand, parking is a nightmare.",Really enjoyed my time here. closet space and the location is unbeatable.,Disappointing overall. the water pressure could be better and management was slow to respond.,0.0651
APT-1175,Allston,1634,1,1,731,3,1948,0,1,0,1,1,1,0,0,1,Compact one-bedroom at a competitive price point. Cozy lower-level unit with some natural light. Roof deck with city views available to all residents.,The apartment looked better in photos. the water pressure could be better was a constant frustration.,One of the better apartments I've rented. courtyard and neighbors are friendly.,Struggled with unreliable hot water the entire lease. Save your money.,0.0323
APT-1176,Beacon Hill,4964,4,4,1716,3,1899,1,1,0,0,0,0,1,0,0,four-bedroom in a quiet residential area of Beacon Hill. Windows in every room keep the space feeling bright.,Below average. the elevator is slow and the building needs serious maintenance.,Below average. the street noise can be rough on weekends and the building needs serious maintenance.,The listing was misleading. the hallways are a bit run-down and a leaky faucet.,0.0861
APT-1177,Charlestown,1912,1,1,782,3,1936,1,1,1,1,0,1,1,0,1,"Charming one-bedroom with original hardwood floors and updated kitchen. The kitchen features granite countertops, stainless steel appliances, and a breakfast bar. Generous closet space throughout, including a walk-in in the primary bedroom.",Lived here for two years and loved it. layout made a big difference day to day.,Not great. cracks in the walls was never properly addressed despite multiple requests.,Loved living here. The in-unit laundry was a huge plus and the neighborhood is fantastic.,0.0682
APT-1178,Charlestown,2283,1,1,681,1,1934,1,1,1,0,0,0,1,0,1,Pleasant one-bedroom with a good layout and natural light. Windows in every room keep the space feeling bright. Bonus alcove works perfectly as a home office nook.,Solid place to live. modern finishes was better than expected. Management is responsive.,The apartment exceeded my expectations. quiet street and the building is well-run.,"Lived here a year. high ceilings. On the other hand, parking is a nightmare.",0.0777
APT-1179,Jamaica Plain,1977,1,1,661,2,1936,1,1,1,0,0,0,0,0,1,Well-maintained one-bedroom in a convenient Jamaica Plain location. Eat-in kitchen with plenty of cabinet space. Open floor plan is great for entertaining.,The apartment looked better in photos. the elevator is slow was a constant frustration.,Would not recommend. parking is a nightmare and the rent does not match the quality.,"Not bad, not amazing. balcony view is a plus. the hallways are a bit run-down is a minus.",0.0551
APT-1180,Allston,2241,2,2,715,3,1947,0,0,1,0,0,1,1,0,1,Affordable two-bedroom in Allston. Small but functional kitchen.,Average experience overall. dishwasher was nice but the bathroom could use an update.,Mixed feelings. hardwood floors but I wish management communicated more.,Below average. the buzzer system barely works and the building needs serious maintenance.,0.0589
APT-1181,South End,3686,2,2,880,1,1993,1,1,0,1,1,1,1,0,0,"Thoughtfully designed two-bedroom with premium finishes and abundant storage. The kitchen features granite countertops, stainless steel appliances, and a breakfast bar. Quiet tree-lined street but close to everything you need.",My favorite apartment so far. courtyard and the commute to downtown was easy.,Mixed feelings. bay windows but I wish management communicated more.,It was fine. building amenities though the hallways are a bit run-down.,0.0713
APT-1182,Fenway,2393,1,1,589,3,1944,1,1,0,0,1,0,0,1,1,Cozy one-bedroom with good natural light and hardwood floors. The kitchen has been updated with new countertops and appliances.,The apartment looked better in photos. the street noise can be rough on weekends was a constant frustration.,Decent apartment for the price. parking spot but the windows are drafty in winter.,Below average. the water pressure could be better and the building needs serious maintenance.,0.0391
APT-1183,Brighton,1915,1,1,517,3,1979,1,1,1,0,1,1,1,1,0,Cozy one-bedroom with good natural light and hardwood floors. Nice afternoon light from the west-facing windows.,Had ongoing issues with mold in the bathroom. Not worth the price.,"Not bad, not amazing. gym is a plus. the elevator is slow is a minus.",Reasonable place. hardwood floors was nice. the buzzer system barely works was annoying at times.,0.0697
APT-1184,Beacon Hill,4163,2,2,1006,2,1885,1,1,1,0,0,0,0,1,1,Move-in ready two-bedroom with designer touches throughout. Recently renovated kitchen with quartz counters and soft-close cabinetry.,Lived here for two years and loved it. storage space made a big difference day to day.,Very happy with this place. storage space is exactly what I was looking for.,Had ongoing issues with pest problems. Not worth the price.,0.0767
APT-1185,South End,2345,1,1,550,1,1912,0,0,1,0,0,1,0,0,1,Elegant one-bedroom offering a perfect blend of classic charm and modern convenience. The living area is bathed in natural light from multiple exposures.,Really enjoyed my time here. renovated bathroom and the location is unbeatable.,Adequate for the area. natural light. Could use some updates though.,Had a great experience. storage space and it's super walkable to everything.,0.0522
APT-1186,Beacon Hill,3386,1,1,593,3,1889,0,1,1,0,1,0,1,0,0,Thoughtfully designed one-bedroom with premium finishes and abundant storage. Floor-to-ceiling windows flood the space with natural light all day.,Lived here for two years and loved it. high ceilings made a big difference day to day.,Very happy with this place. storage space is exactly what I was looking for.,Great apartment. location made it feel like home right away. Would definitely recommend.,0.0423
APT-1187,Cambridge,3267,2,2,748,3,1990,1,1,1,0,0,0,0,1,1,Freshly painted two-bedroom ready for immediate move-in. The kitchen has been updated with new countertops and appliances. Pet-friendly building with a shared courtyard.,Mixed feelings. open floor plan but I wish the kitchen had been updated.,Solid place to live. modern finishes was better than expected. Management is responsive.,Would not recommend. the walls are thin and the rent does not match the quality.,0.0325
APT-1188,Allston,1218,0,1,506,1,1974,0,0,0,0,0,0,0,0,0,studio in Allston. Utilities are reasonable. Cozy lower-level unit with some natural light.,Below average. the heating system is inconsistent and the building needs serious maintenance.,The apartment looked better in photos. the closets are tiny was a constant frustration.,"Lived here a year. courtyard. On the other hand, the bathroom could use an update.",0.0801
APT-1189,Back Bay,3258,1,1,664,3,1908,0,0,0,0,0,1,0,0,1,"Charming one-bedroom with original hardwood floors and updated kitchen. Oversized bay windows create a bright, airy atmosphere.",Really appreciated high ceilings. The management fixed things quickly when needed.,Average experience overall. central air was nice but the water pressure could be better.,Overpriced for what you get. the kitchen is smaller than expected.,0.0569
APT-1190,Allston,2968,4,4,1623,3,1967,0,0,1,1,0,1,0,0,0,Move-in ready four-bedroom with designer touches throughout. Floor-to-ceiling windows flood the space with natural light all day. Well-maintained building with responsive management.,Very happy with this place. open floor plan is exactly what I was looking for.,Really appreciated layout. The management fixed things quickly when needed.,Not great. mold in the bathroom was never properly addressed despite multiple requests.,0.0587
APT-1191,Charlestown,4097,3,3,1098,2,1883,1,0,0,1,0,0,1,1,0,Comfortable three-bedroom with updated appliances and good closet space. Nice afternoon light from the west-facing windows. Quiet tree-lined street but close to everything you need.,The apartment exceeded my expectations. closet space and the building is well-run.,It served its purpose. dishwasher but management could be more responsive.,Great apartment. dishwasher made it feel like home right away. Would definitely recommend.,0.0828
APT-1192,Brighton,1724,1,1,791,3,1964,0,0,0,1,1,1,1,0,0,Well-maintained one-bedroom in a convenient Brighton location. Nice afternoon light from the west-facing windows. Built-in shelving and extra storage in the hallway.,Had ongoing issues with water pressure drops. Not worth the price.,Disappointing overall. the kitchen is smaller than expected and management was slow to respond.,Disappointing overall. the windows are drafty in winter and management was slow to respond.,0.0507
APT-1193,East Boston,2791,3,3,1340,2,1964,1,0,1,0,1,0,0,0,0,Pleasant three-bedroom with a good layout and natural light. Kitchen includes newer appliances and tile backsplash.,Really appreciated building amenities. The management fixed things quickly when needed.,Overpriced for what you get. the elevator is slow.,It was fine. courtyard though the hallways are a bit run-down.,0.0323
APT-1194,Beacon Hill,3764,2,2,873,2,1950,0,1,1,1,0,0,0,1,1,"Spacious and bright two-bedroom with an open-concept layout. Chef's kitchen with gas range, stone countertops, and ample prep space. Surrounded by local shops, bakeries, and green space.",Really appreciated open floor plan. The management fixed things quickly when needed.,Really enjoyed my time here. rooftop access and the location is unbeatable.,Very happy with this place. storage space is exactly what I was looking for.,0.0661
APT-1195,Brighton,1872,1,1,545,5,1976,1,0,0,0,0,0,0,1,0,Solid one-bedroom close to shops and restaurants in Brighton. The kitchen has been updated with new countertops and appliances.,Lived here for two years and loved it. gym made a big difference day to day.,"Good for what you pay. modern finishes, just be aware that the buzzer system barely works.","Clean, well-maintained, and updated appliances. No complaints.",0.0561
APT-1196,Jamaica Plain,2064,1,1,734,5,2009,1,1,0,1,0,1,1,1,1,Elegant one-bedroom offering a perfect blend of classic charm and modern convenience. Floor-to-ceiling windows flood the space with natural light all day. Easy access to major highways and downtown.,"Lived here a year. updated appliances. On the other hand, the elevator is slow.",Super comfortable space. closet space and I never had issues with noise.,The listing was misleading. the kitchen is smaller than expected and poor insulation.,0.0724
APT-1197,East Boston,2159,2,2,720,2,1979,1,0,0,1,0,1,1,1,1,two-bedroom in a quiet residential area of East Boston. Good natural light in the main living area.,"Lived here a year. hardwood floors. On the other hand, the laundry room is always busy.",Struggled with a broken intercom the entire lease. Save your money.,Super comfortable space. balcony view and I never had issues with noise.,0.0614
APT-1198,Beacon Hill,3307,1,1,550,6,1899,0,0,0,0,1,1,1,0,1,"Updated one-bedroom in a well-managed building in Beacon Hill. Good natural light in the main living area. Walking distance to parks, shops, and public transit.",Perfect for young professionals. central air and tons of good food nearby.,One of the better apartments I've rented. location and neighbors are friendly.,"Lived here a year. building amenities. On the other hand, you can hear the neighbors above.",0.0611
APT-1199,Cambridge,4183,3,3,1298,3,1993,1,1,0,0,0,1,0,0,1,"Impeccably maintained three-bedroom in a sought-after Cambridge location. The kitchen features granite countertops, stainless steel appliances, and a breakfast bar. Steps from great restaurants, coffee shops, and nightlife.",One of the better apartments I've rented. updated appliances and neighbors are friendly.,The listing was misleading. the bathroom could use an update and noise from the street.,It served its purpose. bay windows but management could be more responsive.,0.0618
APT-1200,Beacon Hill,3522,1,1,609,1,1916,1,1,1,0,1,0,1,0,0,Beautifully renovated one-bedroom with modern finishes throughout. South-facing exposure brings in gorgeous natural light throughout.,Very happy with this place. open floor plan is exactly what I was looking for.,Would rent again in a heartbeat. quiet street and great vibes in the neighborhood.,"Clean, well-maintained, and hardwood floors. No complaints.",0.049
APT-1201,Jamaica Plain,2357,2,2,866,2,1987,1,0,1,0,0,0,0,0,0,Cozy two-bedroom with good natural light and hardwood floors. Windows in every room keep the space feeling bright.,"Lived here a year. location. On the other hand, the bathroom could use an update.",Ended my lease early because of mice in the building. Very frustrating experience.,Would rent again in a heartbeat. hardwood floors and great vibes in the neighborhood.,0.0475
APT-1202,East Boston,2448,2,2,803,2,1945,0,1,0,0,0,0,1,0,0,two-bedroom in a quiet residential area of East Boston. Nice afternoon light from the west-facing windows.,It served its purpose. building amenities but management could be more responsive.,Decent apartment for the price. renovated bathroom but you can hear the neighbors above.,"Clean, well-maintained, and natural light. No complaints.",0.0436
APT-1203,Dorchester,2323,2,2,921,6,1991,0,1,0,0,0,0,1,1,1,Well-maintained two-bedroom in a convenient Dorchester location. Eat-in kitchen with plenty of cabinet space. Roof deck with city views available to all residents.,One of the better apartments I've rented. modern finishes and neighbors are friendly.,Really enjoyed my time here. bay windows and the location is unbeatable.,Overpriced for what you get. the hallways are a bit run-down.,0.0303
APT-1204,Back Bay,4851,3,3,1328,1,1930,1,1,0,0,0,0,0,0,1,Spacious and bright three-bedroom with an open-concept layout. The living area is bathed in natural light from multiple exposures.,Lived here for two years and loved it. kitchen made a big difference day to day.,It was fine. closet space though the walls are thin.,Very happy with this place. courtyard is exactly what I was looking for.,0.0745
APT-1205,Back Bay,2944,1,1,759,4,1940,1,1,1,0,1,0,0,0,1,"Spacious and bright one-bedroom with an open-concept layout. Modern kitchen with sleek cabinetry, under-cabinet lighting, and high-end appliances. Bonus alcove works perfectly as a home office nook.",Really enjoyed my time here. quiet street and the location is unbeatable.,Really appreciated building amenities. The management fixed things quickly when needed.,Loved living here. The modern finishes was a huge plus and the neighborhood is fantastic.,0.0607
APT-1206,Back Bay,2966,1,1,763,2,1900,1,0,1,0,1,1,1,0,1,"Charming one-bedroom with original hardwood floors and updated kitchen. Chef's kitchen with gas range, stone countertops, and ample prep space. Easy access to major highways and downtown.",The listing was misleading. the buzzer system barely works and mold in the bathroom.,Great apartment. balcony view made it feel like home right away. Would definitely recommend.,Average experience overall. building amenities was nice but the bathroom could use an update.,0.0612
APT-1207,East Boston,1652,1,1,628,2,1972,0,0,1,0,0,1,1,0,0,Affordable one-bedroom in East Boston. Kitchen has basic appliances and adequate counter space.,The apartment looked better in photos. the hallways are a bit run-down was a constant frustration.,Had ongoing issues with mice in the building. Not worth the price.,Ended my lease early because of a broken intercom. Very frustrating experience.,0.0362
APT-1208,Charlestown,2172,1,1,590,1,1898,0,0,0,1,1,0,0,0,1,Well-maintained one-bedroom in a convenient Charlestown location. Nice afternoon light from the west-facing windows. Open floor plan is great for entertaining.,Mixed feelings. storage space but I wish the bathroom was newer.,Average experience overall. gym was nice but the street noise can be rough on weekends.,Lived here for two years and loved it. updated appliances made a big difference day to day.,0.057
APT-1209,Cambridge,4851,3,3,1056,3,1956,1,1,1,0,0,1,0,1,1,"Thoughtfully designed three-bedroom with premium finishes and abundant storage. Chef's kitchen with gas range, stone countertops, and ample prep space. Steps from great restaurants, coffee shops, and nightlife.","Lived here a year. central air. On the other hand, the closets are tiny.",Had a great experience. modern finishes and it's super walkable to everything.,Really appreciated renovated bathroom. The management fixed things quickly when needed.,0.0572
APT-1210,Charlestown,4388,4,4,1729,3,1880,0,0,0,0,0,0,0,0,1,four-bedroom in a quiet residential area of Charlestown. Windows in every room keep the space feeling bright. Built-in shelving and extra storage in the hallway.,Mixed feelings. layout but I wish management communicated more.,"Not bad, not amazing. bay windows is a plus. parking is a nightmare is a minus.",Overpriced for what you get. parking is a nightmare.,0.0534
APT-1211,Fenway,2572,1,1,688,2,1985,0,0,0,0,0,0,0,0,1,Solid one-bedroom close to shops and restaurants in Fenway. Nice afternoon light from the west-facing windows.,Adequate for the area. updated appliances. Could use some updates though.,Below average. the street noise can be rough on weekends and the building needs serious maintenance.,The apartment exceeded my expectations. hardwood floors and the building is well-run.,0.0835
APT-1212,Allston,1263,0,1,421,1,1963,1,1,1,1,1,0,1,0,1,Clean and bright studio available in Allston. Good natural light in the main living area.,"Clean, well-maintained, and kitchen. No complaints.",The listing was misleading. the buzzer system barely works and a broken intercom.,Adequate for the area. location. Could use some updates though.,0.0513
APT-1213,Charlestown,2261,1,1,742,5,1921,1,1,0,0,0,0,1,0,1,Spacious and bright one-bedroom with an open-concept layout. South-facing exposure brings in gorgeous natural light throughout. Quiet building with thick walls and good insulation.,The apartment exceeded my expectations. hardwood floors and the building is well-run.,Really appreciated central air. The management fixed things quickly when needed.,Lived here for two years and loved it. courtyard made a big difference day to day.,0.0555
APT-1214,Beacon Hill,5390,4,4,1690,1,1936,1,1,1,0,0,0,1,1,1,"Thoughtfully designed four-bedroom with premium finishes and abundant storage. Chef's kitchen with gas range, stone countertops, and ample prep space. Quiet tree-lined street but close to everything you need.",Average experience overall. quiet street was nice but the water pressure could be better.,Had a great experience. quiet street and it's super walkable to everything.,Great apartment. building amenities made it feel like home right away. Would definitely recommend.,0.0735
APT-1215,Brighton,1877,1,1,531,5,1956,1,0,1,1,0,0,1,0,1,Beautifully renovated one-bedroom with modern finishes throughout. Floor-to-ceiling windows flood the space with natural light all day.,Decent apartment for the price. natural light but the elevator is slow.,Really appreciated renovated bathroom. The management fixed things quickly when needed.,"Clean, well-maintained, and central air. No complaints.",0.0859
APT-1216,South End,4106,3,3,1144,4,2017,0,1,1,0,0,1,1,0,1,Sun-drenched three-bedroom featuring oversized windows and high ceilings. Floor-to-ceiling windows flood the space with natural light all day. Close to local farmers markets and community events.,Lived here for two years and loved it. high ceilings made a big difference day to day.,Great apartment. quiet street made it feel like home right away. Would definitely recommend.,Really enjoyed my time here. quiet street and the location is unbeatable.,0.0689
APT-1217,East Boston,2318,2,2,1117,2,1979,0,0,0,0,0,0,0,1,0,"two-bedroom in a quiet residential area of East Boston. Kitchen includes newer appliances and tile backsplash. Generous closet space throughout, including a walk-in in the primary bedroom.",Decent apartment for the price. location but the bathroom could use an update.,Overpriced for what you get. the water pressure could be better.,Reasonable place. high ceilings was nice. there's limited counter space was annoying at times.,0.0325
APT-1218,Back Bay,4073,3,3,1094,2,1895,1,0,0,0,1,0,0,1,1,"Gorgeous three-bedroom in a meticulously maintained brownstone. Modern kitchen with sleek cabinetry, under-cabinet lighting, and high-end appliances. Private outdoor space perfect for morning coffee.",My favorite apartment so far. storage space and the commute to downtown was easy.,"Clean, well-maintained, and balcony view. No complaints.",It served its purpose. gym but management could be more responsive.,0.0847
APT-1219,Fenway,1877,0,1,462,6,2003,0,1,0,0,0,0,0,1,1,Comfortable studio with updated appliances and good closet space. Windows in every room keep the space feeling bright.,"Lived here a year. storage space. On the other hand, the street noise can be rough on weekends.",Disappointing overall. there's limited counter space and management was slow to respond.,Lived here for two years and loved it. rooftop access made a big difference day to day.,0.065
APT-1220,Dorchester,2542,2,2,842,1,1946,0,1,1,1,1,0,1,0,0,Pleasant two-bedroom with a good layout and natural light. Good natural light in the main living area.,Decent apartment for the price. open floor plan but the bathroom could use an update.,The apartment looked better in photos. the buzzer system barely works was a constant frustration.,Below average. the kitchen is smaller than expected and the building needs serious maintenance.,0.0726
APT-1221,Somerville,3364,3,3,1465,4,1939,1,1,0,0,0,0,0,0,1,"Elegant three-bedroom offering a perfect blend of classic charm and modern convenience. The kitchen features granite countertops, stainless steel appliances, and a breakfast bar. Quiet tree-lined street but close to everything you need.",Really appreciated quiet street. The management fixed things quickly when needed.,"Clean, well-maintained, and modern finishes. No complaints.",Had a great experience. high ceilings and it's super walkable to everything.,0.0519
APT-1222,Charlestown,4670,4,4,1812,2,1922,0,1,1,0,0,0,0,1,1,"Charming four-bedroom with original hardwood floors and updated kitchen. Modern kitchen with sleek cabinetry, under-cabinet lighting, and high-end appliances. Surrounded by local shops, bakeries, and green space.",Would rent again in a heartbeat. kitchen and great vibes in the neighborhood.,Average experience overall. gym was nice but the walls are thin.,Loved living here. The courtyard was a huge plus and the neighborhood is fantastic.,0.0671
APT-1223,Somerville,2888,2,2,1026,1,1995,1,1,0,0,1,0,0,0,1,"Charming two-bedroom with original hardwood floors and updated kitchen. Chef's kitchen with gas range, stone countertops, and ample prep space. Secure building with on-site management.",Perfect for young professionals. kitchen and tons of good food nearby.,Perfect for young professionals. layout and tons of good food nearby.,Really enjoyed my time here. rooftop access and the location is unbeatable.,0.0724
APT-1224,Back Bay,3053,1,1,661,1,1883,1,1,1,0,0,0,0,1,1,"Gorgeous one-bedroom in a meticulously maintained brownstone. Chef's kitchen with gas range, stone countertops, and ample prep space.",Would rent again in a heartbeat. building amenities and great vibes in the neighborhood.,Solid place to live. location was better than expected. Management is responsive.,Average experience overall. quiet street was nice but the kitchen is smaller than expected.,0.0472
APT-1225,Somerville,3919,4,4,1524,5,1956,0,0,1,0,0,0,0,1,1,Freshly painted four-bedroom ready for immediate move-in. Nice afternoon light from the west-facing windows.,The listing was misleading. the buzzer system barely works and a leaky faucet.,The listing was misleading. the heating system is inconsistent and a malfunctioning thermostat.,Ended my lease early because of mice in the building. Very frustrating experience.,0.0718
APT-1226,Brighton,2364,2,2,905,2,1963,0,0,0,0,0,0,0,0,1,No-frills two-bedroom in a convenient location. Street-level unit; supplemental lighting recommended. Conveniently located near grocery stores and pharmacies.,Had ongoing issues with poor insulation. Not worth the price.,It served its purpose. closet space but management could be more responsive.,Adequate for the area. kitchen. Could use some updates though.,0.0521
APT-1227,Dorchester,1713,1,1,818,2,1980,1,1,0,0,1,0,1,0,0,Nice one-bedroom with a functional layout and recent updates. The kitchen has been updated with new countertops and appliances. Pet-friendly building with a shared courtyard.,Perfect for young professionals. rooftop access and tons of good food nearby.,Average experience overall. storage space was nice but you can hear the neighbors above.,One of the better apartments I've rented. updated appliances and neighbors are friendly.,0.0579
APT-1228,Allston,2690,3,3,1427,2,1965,0,0,1,0,0,0,0,1,0,Nice three-bedroom with a functional layout and recent updates. Good natural light in the main living area. Private outdoor space perfect for morning coffee.,Not great. water pressure drops was never properly addressed despite multiple requests.,Really enjoyed my time here. in-unit laundry and the location is unbeatable.,Disappointing overall. you can hear the neighbors above and management was slow to respond.,0.0504
APT-1229,Dorchester,2598,3,3,1226,2,2021,0,0,1,0,0,1,1,0,0,Freshly painted three-bedroom ready for immediate move-in. Galley kitchen with updated fixtures and good counter space. Elevator building with package room and bike storage.,Adequate for the area. in-unit laundry. Could use some updates though.,Would rent again in a heartbeat. open floor plan and great vibes in the neighborhood.,Decent apartment for the price. central air but the water pressure could be better.,0.0541
APT-1230,Beacon Hill,3565,1,1,569,5,1929,1,1,0,1,1,0,1,0,1,"Sun-drenched one-bedroom featuring oversized windows and high ceilings. The kitchen features granite countertops, stainless steel appliances, and a breakfast bar.",Perfect for young professionals. in-unit laundry and tons of good food nearby.,One of the better apartments I've rented. storage space and neighbors are friendly.,One of the better apartments I've rented. parking spot and neighbors are friendly.,0.0432
APT-1231,Fenway,2216,0,1,367,1,2019,0,0,0,0,0,0,1,0,1,Clean and bright studio available in Fenway. Galley kitchen with updated fixtures and good counter space.,Would rent again in a heartbeat. balcony view and great vibes in the neighborhood.,Loved living here. The building amenities was a huge plus and the neighborhood is fantastic.,Ended my lease early because of heating and cooling issues. Very frustrating experience.,0.0413
APT-1232,Allston,2515,2,2,892,4,1953,0,1,0,1,0,0,1,0,1,Solid two-bedroom close to shops and restaurants in Allston. Kitchen includes newer appliances and tile backsplash.,Perfect for young professionals. updated appliances and tons of good food nearby.,One of the better apartments I've rented. high ceilings and neighbors are friendly.,Adequate for the area. hardwood floors. Could use some updates though.,0.0791
APT-1233,Dorchester,1376,1,1,478,1,2022,1,0,0,1,1,1,1,0,1,Comfortable one-bedroom with updated appliances and good closet space. Nice afternoon light from the west-facing windows.,Perfect for young professionals. updated appliances and tons of good food nearby.,It was fine. kitchen though you can hear the neighbors above.,Loved living here. The high ceilings was a huge plus and the neighborhood is fantastic.,0.0523
APT-1234,Back Bay,4242,3,3,1302,5,1927,0,1,1,1,1,0,0,1,0,Beautifully renovated three-bedroom with modern finishes throughout. Recently renovated kitchen with quartz counters and soft-close cabinetry. Well-maintained building with responsive management.,Super comfortable space. rooftop access and I never had issues with noise.,Great apartment. central air made it feel like home right away. Would definitely recommend.,Had a great experience. gym and it's super walkable to everything.,0.0585
APT-1235,Back Bay,2707,1,1,718,2,1888,0,1,0,1,0,0,0,0,0,"Thoughtfully designed one-bedroom with premium finishes and abundant storage. Oversized bay windows create a bright, airy atmosphere. Generous closet space throughout, including a walk-in in the primary bedroom.",Really enjoyed my time here. updated appliances and the location is unbeatable.,Overpriced for what you get. the buzzer system barely works.,Adequate for the area. closet space. Could use some updates though.,0.0581
APT-1236,Jamaica Plain,2920,2,2,784,3,1945,0,1,1,0,0,1,1,0,1,Pleasant two-bedroom with a good layout and natural light. Nice afternoon light from the west-facing windows. Just a short walk to the waterfront and bike paths.,Decent apartment for the price. rooftop access but the water pressure could be better.,Disappointing overall. the buzzer system barely works and management was slow to respond.,Solid place to live. layout was better than expected. Management is responsive.,0.0414
APT-1237,Somerville,1612,0,1,463,5,2019,0,1,0,1,0,0,1,0,0,Solid studio close to shops and restaurants in Somerville. The kitchen has been updated with new countertops and appliances. Just a short walk to the waterfront and bike paths.,Very happy with this place. bay windows is exactly what I was looking for.,"Clean, well-maintained, and building amenities. No complaints.",Had a great experience. open floor plan and it's super walkable to everything.,0.0606
APT-1238,Jamaica Plain,1710,1,1,762,2,2019,0,0,0,1,0,0,0,0,1,Solid one-bedroom close to shops and restaurants in Jamaica Plain. Windows in every room keep the space feeling bright.,Perfect for young professionals. central air and tons of good food nearby.,My favorite apartment so far. courtyard and the commute to downtown was easy.,"Not bad, not amazing. dishwasher is a plus. the hallways are a bit run-down is a minus.",0.0675
APT-1239,Jamaica Plain,3692,4,4,1687,2,1997,1,0,1,0,1,0,1,0,0,Cozy four-bedroom with good natural light and hardwood floors. Nice afternoon light from the west-facing windows. Built-in shelving and extra storage in the hallway.,Below average. the heating system is inconsistent and the building needs serious maintenance.,Average experience overall. open floor plan was nice but the hallways are a bit run-down.,Solid place to live. renovated bathroom was better than expected. Management is responsive.,0.0684
APT-1240,Cambridge,3703,2,2,1043,1,2020,1,0,0,1,0,0,1,0,0,"Thoughtfully designed two-bedroom with premium finishes and abundant storage. Modern kitchen with sleek cabinetry, under-cabinet lighting, and high-end appliances.",Solid place to live. parking spot was better than expected. Management is responsive.,Overpriced for what you get. the hallways are a bit run-down.,Very happy with this place. natural light is exactly what I was looking for.,0.0709
APT-1241,Charlestown,2393,1,1,762,2,1902,1,0,1,1,0,0,0,1,1,Solid one-bedroom close to shops and restaurants in Charlestown. Eat-in kitchen with plenty of cabinet space. Recently updated common areas and secure entry.,One of the better apartments I've rented. building amenities and neighbors are friendly.,"Clean, well-maintained, and closet space. No complaints.",Really appreciated storage space. The management fixed things quickly when needed.,0.0843
APT-1242,Back Bay,3899,2,2,745,1,1907,1,1,0,0,0,0,1,1,1,"Charming two-bedroom with original hardwood floors and updated kitchen. Oversized bay windows create a bright, airy atmosphere.",My favorite apartment so far. kitchen and the commute to downtown was easy.,Great apartment. updated appliances made it feel like home right away. Would definitely recommend.,The apartment exceeded my expectations. dishwasher and the building is well-run.,0.0435
APT-1243,Charlestown,3300,2,2,829,2,1904,1,0,0,0,0,0,0,0,0,Nice two-bedroom with a functional layout and recent updates. Windows in every room keep the space feeling bright. Pet-friendly building with a shared courtyard.,"Lived here a year. courtyard. On the other hand, the bathroom could use an update.",The listing was misleading. the heating system is inconsistent and a malfunctioning thermostat.,It was fine. updated appliances though there's limited counter space.,0.0194
APT-1244,Allston,2506,3,3,850,6,1969,1,0,1,0,0,0,0,0,1,three-bedroom in Allston. Utilities are reasonable. Street-level unit; supplemental lighting recommended. Secure building with on-site management.,Would not recommend. the hallways are a bit run-down and the rent does not match the quality.,Would not recommend. the water pressure could be better and the rent does not match the quality.,The listing was misleading. the laundry room is always busy and water pressure drops.,0.0562
APT-1245,South End,3909,2,2,945,4,1984,0,0,0,1,1,1,1,0,0,Comfortable two-bedroom with updated appliances and good closet space. Kitchen includes newer appliances and tile backsplash.,Below average. there's limited counter space and the building needs serious maintenance.,It served its purpose. gym but management could be more responsive.,My favorite apartment so far. parking spot and the commute to downtown was easy.,0.0567
APT-1246,Dorchester,1609,1,1,559,4,2015,1,1,0,0,0,1,1,0,0,Clean and bright one-bedroom available in Dorchester. Nice afternoon light from the west-facing windows. Roof deck with city views available to all residents.,The apartment looked better in photos. the street noise can be rough on weekends was a constant frustration.,Had ongoing issues with a malfunctioning thermostat. Not worth the price.,Had ongoing issues with a broken intercom. Not worth the price.,0.0732
APT-1247,Back Bay,3828,2,2,902,3,1924,0,1,1,0,0,1,0,0,1,"Impeccably maintained two-bedroom in a sought-after Back Bay location. The kitchen features granite countertops, stainless steel appliances, and a breakfast bar. Open floor plan is great for entertaining.",Perfect for young professionals. courtyard and tons of good food nearby.,My favorite apartment so far. in-unit laundry and the commute to downtown was easy.,Very happy with this place. parking spot is exactly what I was looking for.,0.0283
APT-1248,Charlestown,3584,3,3,1101,1,1940,1,1,0,0,0,0,0,0,1,Nice three-bedroom with a functional layout and recent updates. Galley kitchen with updated fixtures and good counter space. Built-in shelving and extra storage in the hallway.,Adequate for the area. high ceilings. Could use some updates though.,Mixed feelings. open floor plan but I wish the laundry was in-unit.,Would rent again in a heartbeat. natural light and great vibes in the neighborhood.,0.0485
APT-1249,Charlestown,4335,3,3,1292,3,1941,1,0,0,1,0,0,1,0,1,Comfortable three-bedroom with updated appliances and good closet space. Windows in every room keep the space feeling bright.,Really appreciated parking spot. The management fixed things quickly when needed.,Had ongoing issues with pest problems. Not worth the price.,Really enjoyed my time here. natural light and the location is unbeatable.,0.0651
APT-1250,Cambridge,3146,1,1,722,1,1935,0,1,1,0,0,0,1,1,0,Thoughtfully designed one-bedroom with premium finishes and abundant storage. The living area is bathed in natural light from multiple exposures. Quiet building with thick walls and good insulation.,Solid place to live. dishwasher was better than expected. Management is responsive.,Solid place to live. updated appliances was better than expected. Management is responsive.,Solid place to live. location was better than expected. Management is responsive.,0.0461
APT-1251,Cambridge,2952,1,1,680,1,1987,1,1,1,0,0,0,0,1,1,Spacious and bright one-bedroom with an open-concept layout. Recently renovated kitchen with quartz counters and soft-close cabinetry.,One of the better apartments I've rented. modern finishes and neighbors are friendly.,Great apartment. hardwood floors made it feel like home right away. Would definitely recommend.,"Lived here a year. rooftop access. On the other hand, the bathroom could use an update.",0.0679
APT-1252,Beacon Hill,5414,3,3,1122,1,1928,0,1,0,0,1,0,0,0,0,"Beautifully renovated three-bedroom with modern finishes throughout. Chef's kitchen with gas range, stone countertops, and ample prep space.",Really appreciated high ceilings. The management fixed things quickly when needed.,Really enjoyed my time here. central air and the location is unbeatable.,Average experience overall. renovated bathroom was nice but the street noise can be rough on weekends.,0.058
APT-1253,Beacon Hill,3888,1,1,596,4,1886,0,1,1,0,0,0,1,0,1,"Elegant one-bedroom offering a perfect blend of classic charm and modern convenience. Chef's kitchen with gas range, stone countertops, and ample prep space.",It was fine. closet space though the walls are thin.,Loved living here. The closet space was a huge plus and the neighborhood is fantastic.,Disappointing overall. the hallways are a bit run-down and management was slow to respond.,0.0526
APT-1254,Jamaica Plain,2304,2,2,847,1,2021,0,0,1,0,0,0,0,0,0,Nice two-bedroom with a functional layout and recent updates. The kitchen has been updated with new countertops and appliances.,Loved living here. The gym was a huge plus and the neighborhood is fantastic.,Great apartment. modern finishes made it feel like home right away. Would definitely recommend.,Would not recommend. the windows are drafty in winter and the rent does not match the quality.,0.0564
APT-1255,Allston,1815,1,1,605,2,1953,1,0,0,0,0,0,1,0,0,Freshly painted one-bedroom ready for immediate move-in. Good natural light in the main living area.,Had ongoing issues with noise from the street. Not worth the price.,"Good for what you pay. high ceilings, just be aware that the laundry room is always busy.",Adequate for the area. closet space. Could use some updates though.,0.0816
APT-1256,Back Bay,3641,1,1,684,3,1908,1,1,1,0,0,1,0,0,1,"Sun-drenched one-bedroom featuring oversized windows and high ceilings. Chef's kitchen with gas range, stone countertops, and ample prep space.",Had a great experience. quiet street and it's super walkable to everything.,Struggled with cracks in the walls the entire lease. Save your money.,Would rent again in a heartbeat. hardwood floors and great vibes in the neighborhood.,0.0578
APT-1257,East Boston,1830,1,1,570,4,1965,0,0,0,0,1,1,1,1,1,Nice one-bedroom with a functional layout and recent updates. The kitchen has been updated with new countertops and appliances. Well-maintained building with responsive management.,The apartment looked better in photos. the walls are thin was a constant frustration.,One of the better apartments I've rented. balcony view and neighbors are friendly.,My favorite apartment so far. hardwood floors and the commute to downtown was easy.,0.0271
APT-1258,Jamaica Plain,2033,1,1,700,4,2022,0,1,0,0,1,1,1,1,1,Solid one-bedroom close to shops and restaurants in Jamaica Plain. Galley kitchen with updated fixtures and good counter space.,The apartment looked better in photos. the walls are thin was a constant frustration.,Decent apartment for the price. rooftop access but the elevator is slow.,Had a great experience. quiet street and it's super walkable to everything.,0.0822
APT-1259,East Boston,1513,1,1,535,2,1943,1,1,0,0,1,0,0,0,1,Updated one-bedroom in a well-managed building in East Boston. Kitchen includes newer appliances and tile backsplash. Neighborhood favorites for brunch and dinner are just around the corner.,The listing was misleading. the laundry room is always busy and poor insulation.,"Good for what you pay. dishwasher, just be aware that the closets are tiny.",Perfect for young professionals. parking spot and tons of good food nearby.,0.0704
APT-1260,Cambridge,3224,1,1,614,3,2006,0,1,1,0,0,0,1,0,1,"Gorgeous one-bedroom in a meticulously maintained brownstone. Modern kitchen with sleek cabinetry, under-cabinet lighting, and high-end appliances. Pet-friendly building with a shared courtyard.",Ended my lease early because of a broken intercom. Very frustrating experience.,Really enjoyed my time here. natural light and the location is unbeatable.,"Good for what you pay. quiet street, just be aware that the street noise can be rough on weekends.",0.0538
APT-1261,East Boston,2579,3,3,1327,3,1972,0,1,0,0,0,0,1,1,1,Nice three-bedroom with a functional layout and recent updates. Nice afternoon light from the west-facing windows.,Average experience overall. layout was nice but the walls are thin.,Would rent again in a heartbeat. layout and great vibes in the neighborhood.,Really appreciated location. The management fixed things quickly when needed.,0.0293
APT-1262,Back Bay,4493,2,2,1049,4,1948,1,1,0,0,1,0,0,1,1,"Impeccably maintained two-bedroom in a sought-after Back Bay location. Chef's kitchen with gas range, stone countertops, and ample prep space. Open floor plan is great for entertaining.",Loved living here. The layout was a huge plus and the neighborhood is fantastic.,"Not bad, not amazing. central air is a plus. the bathroom could use an update is a minus.",Solid place to live. open floor plan was better than expected. Management is responsive.,0.0621
APT-1263,Dorchester,1689,1,1,670,2,2025,0,1,0,0,1,0,1,0,0,Solid one-bedroom close to shops and restaurants in Dorchester. Nice afternoon light from the west-facing windows.,"Good for what you pay. building amenities, just be aware that the windows are drafty in winter.",Super comfortable space. closet space and I never had issues with noise.,Decent apartment for the price. open floor plan but the elevator is slow.,0.0408
APT-1264,Cambridge,2154,0,1,513,2,2024,0,1,0,0,0,0,0,1,0,Thoughtfully designed studio with premium finishes and abundant storage. Floor-to-ceiling windows flood the space with natural light all day. Easy access to major highways and downtown.,Really enjoyed my time here. bay windows and the location is unbeatable.,Lived here for two years and loved it. layout made a big difference day to day.,Great apartment. hardwood floors made it feel like home right away. Would definitely recommend.,0.0465
APT-1265,Somerville,3393,3,3,789,1,1961,1,1,1,0,1,0,0,1,1,Beautifully renovated three-bedroom with modern finishes throughout. Floor-to-ceiling windows flood the space with natural light all day.,Very happy with this place. closet space is exactly what I was looking for.,Really enjoyed my time here. dishwasher and the location is unbeatable.,Mixed feelings. storage space but I wish management communicated more.,0.0323
APT-1266,South End,2770,1,1,562,2,2025,0,0,0,0,0,1,1,0,0,Updated one-bedroom in a well-managed building in South End. The kitchen has been updated with new countertops and appliances.,Very happy with this place. location is exactly what I was looking for.,Below average. the hallways are a bit run-down and the building needs serious maintenance.,Lived here for two years and loved it. location made a big difference day to day.,0.0639
APT-1267,Dorchester,1935,2,2,937,3,1984,0,0,0,0,0,0,1,0,1,Cozy two-bedroom with good natural light and hardwood floors. Good natural light in the main living area.,Ended my lease early because of mold in the bathroom. Very frustrating experience.,Really enjoyed my time here. modern finishes and the location is unbeatable.,Loved living here. The hardwood floors was a huge plus and the neighborhood is fantastic.,0.0535
APT-1268,East Boston,3174,4,4,1353,4,1982,0,1,0,1,1,1,1,1,0,Pleasant four-bedroom with a good layout and natural light. Good natural light in the main living area. Private outdoor space perfect for morning coffee.,Great apartment. rooftop access made it feel like home right away. Would definitely recommend.,Average experience overall. location was nice but the street noise can be rough on weekends.,Overpriced for what you get. the water pressure could be better.,0.0556
APT-1269,Somerville,2203,2,2,853,3,2013,1,1,1,0,0,0,1,0,0,Thoughtfully designed two-bedroom with premium finishes and abundant storage. The living area is bathed in natural light from multiple exposures. Secure building with on-site management.,One of the better apartments I've rented. building amenities and neighbors are friendly.,My favorite apartment so far. hardwood floors and the commute to downtown was easy.,Great apartment. rooftop access made it feel like home right away. Would definitely recommend.,0.0788
APT-1270,South End,2774,1,1,622,1,1979,0,1,1,0,0,0,0,1,1,"Spacious and bright one-bedroom with an open-concept layout. The kitchen features granite countertops, stainless steel appliances, and a breakfast bar.",It was fine. high ceilings though the hallways are a bit run-down.,Really appreciated rooftop access. The management fixed things quickly when needed.,My favorite apartment so far. location and the commute to downtown was easy.,0.0829
APT-1271,Back Bay,3223,1,1,683,1,1939,1,1,0,1,1,0,1,0,0,Thoughtfully designed one-bedroom with premium finishes and abundant storage. The living area is bathed in natural light from multiple exposures.,Solid place to live. modern finishes was better than expected. Management is responsive.,"Clean, well-maintained, and balcony view. No complaints.","Lived here a year. hardwood floors. On the other hand, the buzzer system barely works.",0.0685
APT-1272,Somerville,3068,3,3,1171,5,1966,0,1,1,0,1,1,0,1,1,Clean and bright three-bedroom available in Somerville. Nice afternoon light from the west-facing windows.,Had ongoing issues with a broken intercom. Not worth the price.,Below average. the laundry room is always busy and the building needs serious maintenance.,Decent apartment for the price. closet space but the bathroom could use an update.,0.0607
APT-1273,Cambridge,5406,4,4,1609,4,1944,1,1,0,0,1,0,0,1,1,"Thoughtfully designed four-bedroom with premium finishes and abundant storage. Modern kitchen with sleek cabinetry, under-cabinet lighting, and high-end appliances. Surrounded by local shops, bakeries, and green space.",Great apartment. high ceilings made it feel like home right away. Would definitely recommend.,Perfect for young professionals. rooftop access and tons of good food nearby.,Really enjoyed my time here. courtyard and the location is unbeatable.,0.0616
APT-1274,Dorchester,1622,1,1,494,1,2019,1,0,0,0,1,1,1,0,1,Clean and bright one-bedroom available in Dorchester. Good natural light in the main living area. Quiet tree-lined street but close to everything you need.,Ended my lease early because of a malfunctioning thermostat. Very frustrating experience.,Would not recommend. the bathroom could use an update and the rent does not match the quality.,Very happy with this place. modern finishes is exactly what I was looking for.,0.062
APT-1275,Dorchester,2232,2,2,587,1,2011,0,0,0,0,1,0,0,1,0,Charming two-bedroom with original hardwood floors and updated kitchen. South-facing exposure brings in gorgeous natural light throughout.,Adequate for the area. storage space. Could use some updates though.,Would not recommend. the bathroom could use an update and the rent does not match the quality.,Lived here for two years and loved it. kitchen made a big difference day to day.,0.0467
APT-1276,Beacon Hill,4509,2,2,787,1,1904,0,1,1,0,1,0,1,0,0,Elegant two-bedroom offering a perfect blend of classic charm and modern convenience. The living area is bathed in natural light from multiple exposures. Pet-friendly building with a shared courtyard.,Really enjoyed my time here. rooftop access and the location is unbeatable.,One of the better apartments I've rented. central air and neighbors are friendly.,Perfect for young professionals. storage space and tons of good food nearby.,0.039
APT-1277,Cambridge,4725,4,4,1967,1,1966,0,1,1,0,0,1,1,0,1,Spacious and bright four-bedroom with an open-concept layout. South-facing exposure brings in gorgeous natural light throughout. The layout offers great separation between bedrooms.,Really appreciated hardwood floors. The management fixed things quickly when needed.,"Not bad, not amazing. bay windows is a plus. the elevator is slow is a minus.",Super comfortable space. natural light and I never had issues with noise.,0.0681
APT-1278,Charlestown,2625,1,1,688,4,1933,0,1,0,1,1,0,0,0,0,Charming one-bedroom with original hardwood floors and updated kitchen. South-facing exposure brings in gorgeous natural light throughout.,Would rent again in a heartbeat. open floor plan and great vibes in the neighborhood.,Reasonable place. high ceilings was nice. the hallways are a bit run-down was annoying at times.,Average experience overall. building amenities was nice but the elevator is slow.,0.0618
APT-1279,Somerville,2009,0,1,446,3,2008,1,1,1,1,1,0,1,0,1,Comfortable studio with updated appliances and good closet space. Good natural light in the main living area.,My favorite apartment so far. open floor plan and the commute to downtown was easy.,"Lived here a year. layout. On the other hand, the hallways are a bit run-down.",The apartment exceeded my expectations. closet space and the building is well-run.,0.0763
APT-1280,South End,2498,0,1,514,5,1907,0,1,1,0,0,0,1,1,1,Beautifully renovated studio with modern finishes throughout. The living area is bathed in natural light from multiple exposures. Secure building with on-site management.,Would rent again in a heartbeat. building amenities and great vibes in the neighborhood.,Below average. you can hear the neighbors above and the building needs serious maintenance.,Lived here for two years and loved it. courtyard made a big difference day to day.,0.0385
APT-1281,East Boston,2006,1,1,560,1,1978,1,1,0,1,0,1,1,1,1,Solid one-bedroom close to shops and restaurants in East Boston. Windows in every room keep the space feeling bright. Conveniently located near grocery stores and pharmacies.,Not great. mold in the bathroom was never properly addressed despite multiple requests.,Would rent again in a heartbeat. dishwasher and great vibes in the neighborhood.,It served its purpose. updated appliances but management could be more responsive.,0.0467
APT-1282,Allston,1713,1,1,675,1,1971,0,1,0,0,0,1,1,1,1,Comfortable one-bedroom with updated appliances and good closet space. Good natural light in the main living area. Building includes a fitness center and community lounge.,Loved living here. The quiet street was a huge plus and the neighborhood is fantastic.,Below average. the water pressure could be better and the building needs serious maintenance.,Really enjoyed my time here. layout and the location is unbeatable.,0.0598
APT-1283,Brighton,2136,1,1,685,2,1940,0,1,0,0,1,1,1,1,1,Cozy one-bedroom with good natural light and hardwood floors. Nice afternoon light from the west-facing windows. Quiet building with thick walls and good insulation.,Really appreciated modern finishes. The management fixed things quickly when needed.,It was fine. courtyard though the kitchen is smaller than expected.,"Good for what you pay. bay windows, just be aware that the water pressure could be better.",0.0701
APT-1284,Cambridge,2416,0,1,383,1,2000,1,0,1,0,0,1,0,1,1,"Move-in ready studio with designer touches throughout. Oversized bay windows create a bright, airy atmosphere.",Perfect for young professionals. rooftop access and tons of good food nearby.,It served its purpose. bay windows but management could be more responsive.,Average experience overall. hardwood floors was nice but the street noise can be rough on weekends.,0.0582
APT-1285,South End,5093,4,4,1864,4,1914,0,1,0,0,0,0,1,0,1,"Spacious and bright four-bedroom with an open-concept layout. Oversized bay windows create a bright, airy atmosphere.",Really enjoyed my time here. building amenities and the location is unbeatable.,"Not bad, not amazing. rooftop access is a plus. you can hear the neighbors above is a minus.",Solid place to live. open floor plan was better than expected. Management is responsive.,0.0614
APT-1286,Cambridge,3419,2,2,901,2,1949,0,0,1,0,1,0,0,0,1,Updated two-bedroom in a well-managed building in Cambridge. The kitchen has been updated with new countertops and appliances. High ceilings give the unit an expansive feel.,My favorite apartment so far. high ceilings and the commute to downtown was easy.,Struggled with mice in the building the entire lease. Save your money.,Would not recommend. the kitchen is smaller than expected and the rent does not match the quality.,0.0305
APT-1287,Beacon Hill,3733,1,1,583,2,1937,0,1,0,1,1,1,1,0,0,Solid one-bedroom close to shops and restaurants in Beacon Hill. Galley kitchen with updated fixtures and good counter space. Just a short walk to the waterfront and bike paths.,Adequate for the area. building amenities. Could use some updates though.,Very happy with this place. gym is exactly what I was looking for.,Mixed feelings. in-unit laundry but I wish management communicated more.,0.0173
APT-1288,Back Bay,2906,1,1,546,2,1886,1,1,1,0,1,0,1,0,1,Stunning one-bedroom in the heart of Back Bay. Recently renovated kitchen with quartz counters and soft-close cabinetry. Neighborhood favorites for brunch and dinner are just around the corner.,One of the better apartments I've rented. parking spot and neighbors are friendly.,"Not bad, not amazing. layout is a plus. the windows are drafty in winter is a minus.","Lived here a year. high ceilings. On the other hand, parking is a nightmare.",0.077
APT-1289,Dorchester,1499,1,1,825,4,2009,1,1,1,0,0,0,0,0,1,Comfortable one-bedroom with updated appliances and good closet space. Eat-in kitchen with plenty of cabinet space. Recently updated common areas and secure entry.,Would not recommend. the laundry room is always busy and the rent does not match the quality.,"Clean, well-maintained, and building amenities. No complaints.",Decent apartment for the price. parking spot but the street noise can be rough on weekends.,0.0506
APT-1290,Back Bay,2936,2,2,1147,4,1947,0,0,0,1,0,0,1,0,1,"Updated two-bedroom in a well-managed building in Back Bay. Windows in every room keep the space feeling bright. Steps from great restaurants, coffee shops, and nightlife.","Lived here a year. dishwasher. On the other hand, the buzzer system barely works.",Very happy with this place. storage space is exactly what I was looking for.,"Good for what you pay. layout, just be aware that the bathroom could use an update.",0.0327
APT-1291,Cambridge,3835,2,2,1163,2,2006,1,1,1,0,0,0,0,0,1,"Charming two-bedroom with original hardwood floors and updated kitchen. Chef's kitchen with gas range, stone countertops, and ample prep space.",Really appreciated dishwasher. The management fixed things quickly when needed.,Loved living here. The bay windows was a huge plus and the neighborhood is fantastic.,Really enjoyed my time here. courtyard and the location is unbeatable.,0.0735
APT-1292,Somerville,4004,4,4,1763,3,1919,1,1,1,0,1,0,1,0,0,"Stunning four-bedroom in the heart of Somerville. Chef's kitchen with gas range, stone countertops, and ample prep space. Great walkability to cafes, bookstores, and boutiques.",The apartment exceeded my expectations. updated appliances and the building is well-run.,Had a great experience. closet space and it's super walkable to everything.,Very happy with this place. layout is exactly what I was looking for.,0.071
APT-1293,South End,4420,3,3,1190,3,2013,1,1,0,1,1,0,1,1,1,Updated three-bedroom in a well-managed building in South End. Windows in every room keep the space feeling bright. Neighborhood favorites for brunch and dinner are just around the corner.,Had a great experience. dishwasher and it's super walkable to everything.,Reasonable place. modern finishes was nice. the kitchen is smaller than expected was annoying at times.,The listing was misleading. the buzzer system barely works and a broken intercom.,0.059
APT-1294,Allston,2180,3,3,1185,2,1979,0,0,1,0,0,0,1,0,0,Basic three-bedroom with street parking available. Kitchen has basic appliances and adequate counter space.,Below average. you can hear the neighbors above and the building needs serious maintenance.,Disappointing overall. parking is a nightmare and management was slow to respond.,Overpriced for what you get. the heating system is inconsistent.,0.03
APT-1295,Beacon Hill,3277,1,1,758,3,1899,1,1,0,1,0,0,1,1,0,Beautifully renovated one-bedroom with modern finishes throughout. South-facing exposure brings in gorgeous natural light throughout.,Struggled with a broken intercom the entire lease. Save your money.,Reasonable place. high ceilings was nice. the kitchen is smaller than expected was annoying at times.,Would rent again in a heartbeat. renovated bathroom and great vibes in the neighborhood.,0.0392
APT-1296,Cambridge,2486,1,1,723,1,2004,0,1,0,0,0,0,0,0,1,Clean and bright one-bedroom available in Cambridge. Windows in every room keep the space feeling bright. Recently updated common areas and secure entry.,Very happy with this place. location is exactly what I was looking for.,It served its purpose. natural light but management could be more responsive.,Adequate for the area. bay windows. Could use some updates though.,0.0479
APT-1297,Allston,1424,0,1,397,1,1972,0,1,1,0,0,1,0,0,0,studio in a quiet residential area of Allston. Nice afternoon light from the west-facing windows. Close to local farmers markets and community events.,"Clean, well-maintained, and closet space. No complaints.",Reasonable place. balcony view was nice. the bathroom could use an update was annoying at times.,It served its purpose. storage space but management could be more responsive.,0.0299
APT-1298,Cambridge,2594,1,1,674,3,1925,0,1,0,0,0,0,1,0,0,Nice one-bedroom with a functional layout and recent updates. The kitchen has been updated with new countertops and appliances.,Really appreciated renovated bathroom. The management fixed things quickly when needed.,Below average. the closets are tiny and the building needs serious maintenance.,Would rent again in a heartbeat. hardwood floors and great vibes in the neighborhood.,0.057
APT-1299,Cambridge,3473,2,2,959,2,1943,1,0,0,1,0,0,0,1,0,"Stunning two-bedroom in the heart of Cambridge. Chef's kitchen with gas range, stone countertops, and ample prep space. Secure building with on-site management.",It served its purpose. open floor plan but management could be more responsive.,Lived here for two years and loved it. courtyard made a big difference day to day.,Very happy with this place. location is exactly what I was looking for.,0.0774
APT-1300,South End,3670,2,2,853,3,1906,0,1,1,0,0,1,0,1,0,"Spacious and bright two-bedroom with an open-concept layout. The kitchen features granite countertops, stainless steel appliances, and a breakfast bar. Elevator building with package room and bike storage.",Loved living here. The hardwood floors was a huge plus and the neighborhood is fantastic.,Really appreciated rooftop access. The management fixed things quickly when needed.,Mixed feelings. kitchen but I wish management communicated more.,0.065
APT-1301,Charlestown,3692,3,3,1205,2,1884,1,1,1,0,0,0,1,1,0,Comfortable three-bedroom with updated appliances and good closet space. Windows in every room keep the space feeling bright. Open floor plan is great for entertaining.,Disappointing overall. the buzzer system barely works and management was slow to respond.,Decent apartment for the price. in-unit laundry but there's limited counter space.,Had ongoing issues with noise from the street. Not worth the price.,0.0506
APT-1302,Jamaica Plain,2119,2,2,1088,1,1999,1,0,1,1,1,0,0,0,1,Well-maintained two-bedroom in a convenient Jamaica Plain location. The kitchen has been updated with new countertops and appliances.,The apartment exceeded my expectations. bay windows and the building is well-run.,Very happy with this place. open floor plan is exactly what I was looking for.,One of the better apartments I've rented. courtyard and neighbors are friendly.,0.0459
APT-1303,Somerville,1921,1,1,719,4,1982,1,1,0,0,1,0,1,0,1,one-bedroom in a quiet residential area of Somerville. Galley kitchen with updated fixtures and good counter space. Close to local farmers markets and community events.,It was fine. dishwasher though the heating system is inconsistent.,Overpriced for what you get. the hallways are a bit run-down.,My favorite apartment so far. open floor plan and the commute to downtown was easy.,0.0793
APT-1304,Back Bay,2895,1,1,671,3,1918,0,1,1,0,0,0,1,1,1,"Sun-drenched one-bedroom featuring oversized windows and high ceilings. Floor-to-ceiling windows flood the space with natural light all day. Walking distance to parks, shops, and public transit.",It served its purpose. balcony view but management could be more responsive.,It served its purpose. in-unit laundry but management could be more responsive.,Disappointing overall. you can hear the neighbors above and management was slow to respond.,0.0876
APT-1305,South End,3194,2,2,933,5,1994,0,0,1,0,0,0,1,0,1,Spacious and bright two-bedroom with an open-concept layout. South-facing exposure brings in gorgeous natural light throughout.,Would rent again in a heartbeat. renovated bathroom and great vibes in the neighborhood.,Had a great experience. balcony view and it's super walkable to everything.,"Clean, well-maintained, and renovated bathroom. No complaints.",0.066
APT-1306,Back Bay,3047,1,1,639,6,1941,0,1,1,0,1,0,0,0,1,"Spacious and bright one-bedroom with an open-concept layout. Chef's kitchen with gas range, stone countertops, and ample prep space.",Loved living here. The balcony view was a huge plus and the neighborhood is fantastic.,Loved living here. The building amenities was a huge plus and the neighborhood is fantastic.,Struggled with water pressure drops the entire lease. Save your money.,0.0536
APT-1307,Allston,1480,0,1,569,4,1962,0,1,1,1,0,1,1,1,1,Pleasant studio with a good layout and natural light. The kitchen has been updated with new countertops and appliances.,One of the better apartments I've rented. gym and neighbors are friendly.,Super comfortable space. balcony view and I never had issues with noise.,Solid place to live. location was better than expected. Management is responsive.,0.0363
APT-1308,Brighton,2299,2,2,1178,3,1977,0,0,0,0,0,1,0,0,0,Nice two-bedroom with a functional layout and recent updates. Galley kitchen with updated fixtures and good counter space. Building includes a fitness center and community lounge.,Solid place to live. storage space was better than expected. Management is responsive.,Really appreciated parking spot. The management fixed things quickly when needed.,It was fine. gym though the heating system is inconsistent.,0.0702
APT-1309,East Boston,2014,1,1,606,4,1966,1,1,0,0,0,0,1,0,1,"Solid one-bedroom close to shops and restaurants in East Boston. Windows in every room keep the space feeling bright. Generous closet space throughout, including a walk-in in the primary bedroom.",Reasonable place. rooftop access was nice. the laundry room is always busy was annoying at times.,The apartment looked better in photos. the closets are tiny was a constant frustration.,Very happy with this place. building amenities is exactly what I was looking for.,0.0785
APT-1310,Allston,2092,2,2,878,2,1946,1,1,0,0,0,1,0,0,0,two-bedroom in a quiet residential area of Allston. Windows in every room keep the space feeling bright.,Perfect for young professionals. rooftop access and tons of good food nearby.,Not great. a malfunctioning thermostat was never properly addressed despite multiple requests.,"Clean, well-maintained, and open floor plan. No complaints.",0.0355
APT-1311,East Boston,1612,1,1,554,1,1977,0,0,1,0,0,0,0,0,1,Cozy one-bedroom with good natural light and hardwood floors. Good natural light in the main living area.,"Not bad, not amazing. parking spot is a plus. there's limited counter space is a minus.",Had ongoing issues with a broken intercom. Not worth the price.,Lived here for two years and loved it. kitchen made a big difference day to day.,0.0366
APT-1312,Allston,2225,2,2,731,1,1958,1,1,0,1,1,0,1,0,1,Nice two-bedroom with a functional layout and recent updates. Kitchen includes newer appliances and tile backsplash.,Disappointing overall. the windows are drafty in winter and management was slow to respond.,The apartment exceeded my expectations. courtyard and the building is well-run.,"Clean, well-maintained, and modern finishes. No complaints.",0.0718
APT-1313,Allston,2101,3,3,1253,5,1947,1,1,1,0,0,0,1,0,1,Nice three-bedroom with a functional layout and recent updates. Windows in every room keep the space feeling bright.,Below average. the hallways are a bit run-down and the building needs serious maintenance.,Below average. the elevator is slow and the building needs serious maintenance.,Disappointing overall. you can hear the neighbors above and management was slow to respond.,0.041
APT-1314,Charlestown,3554,2,2,945,3,1908,0,1,1,0,0,0,1,0,0,Nice two-bedroom with a functional layout and recent updates. The kitchen has been updated with new countertops and appliances. Roof deck with city views available to all residents.,It served its purpose. kitchen but management could be more responsive.,Average experience overall. layout was nice but the bathroom could use an update.,Adequate for the area. quiet street. Could use some updates though.,0.0532
APT-1315,Charlestown,2549,1,1,655,2,1941,1,1,0,0,0,0,1,1,1,"Sun-drenched one-bedroom featuring oversized windows and high ceilings. Oversized bay windows create a bright, airy atmosphere. Pet-friendly building with a shared courtyard.",Solid place to live. courtyard was better than expected. Management is responsive.,My favorite apartment so far. natural light and the commute to downtown was easy.,Had a great experience. modern finishes and it's super walkable to everything.,0.0433
APT-1316,Jamaica Plain,1988,1,1,539,2,1925,0,1,0,0,0,0,1,1,0,Freshly painted one-bedroom ready for immediate move-in. Kitchen includes newer appliances and tile backsplash. Private outdoor space perfect for morning coffee.,Ended my lease early because of a malfunctioning thermostat. Very frustrating experience.,Lived here for two years and loved it. closet space made a big difference day to day.,The apartment looked better in photos. the water pressure could be better was a constant frustration.,0.0367
APT-1317,Allston,2431,3,3,1377,2,1953,0,1,1,0,0,0,1,0,1,Clean and bright three-bedroom available in Allston. Kitchen includes newer appliances and tile backsplash.,"Lived here a year. hardwood floors. On the other hand, you can hear the neighbors above.","Not bad, not amazing. closet space is a plus. parking is a nightmare is a minus.",Average experience overall. natural light was nice but the street noise can be rough on weekends.,0.0649
APT-1318,South End,3229,2,2,865,1,1979,1,1,1,1,1,0,1,1,1,"Move-in ready two-bedroom with designer touches throughout. Chef's kitchen with gas range, stone countertops, and ample prep space.",It was fine. courtyard though the hallways are a bit run-down.,Solid place to live. bay windows was better than expected. Management is responsive.,One of the better apartments I've rented. bay windows and neighbors are friendly.,0.0741
APT-1319,Brighton,2266,1,1,680,3,1945,1,1,0,0,1,1,0,0,0,Freshly painted one-bedroom ready for immediate move-in. Good natural light in the main living area. Close to local farmers markets and community events.,"Not bad, not amazing. location is a plus. the street noise can be rough on weekends is a minus.",Overpriced for what you get. the walls are thin.,"Clean, well-maintained, and central air. No complaints.",0.0513
APT-1320,East Boston,2204,2,2,883,4,1945,0,1,1,1,1,0,1,1,0,Comfortable two-bedroom with updated appliances and good closet space. Windows in every room keep the space feeling bright.,Very happy with this place. central air is exactly what I was looking for.,It served its purpose. quiet street but management could be more responsive.,Lived here for two years and loved it. gym made a big difference day to day.,0.0765
APT-1321,Charlestown,2225,1,1,546,3,1927,0,1,0,0,0,0,0,1,1,Updated one-bedroom in a well-managed building in Charlestown. Windows in every room keep the space feeling bright.,Great apartment. natural light made it feel like home right away. Would definitely recommend.,"Clean, well-maintained, and central air. No complaints.","Good for what you pay. balcony view, just be aware that the water pressure could be better.",0.0507
APT-1322,Brighton,2064,2,2,667,2,1967,0,1,0,0,1,0,0,1,1,Nice two-bedroom with a functional layout and recent updates. Kitchen includes newer appliances and tile backsplash. Quiet building with thick walls and good insulation.,It served its purpose. parking spot but management could be more responsive.,Adequate for the area. balcony view. Could use some updates though.,Would not recommend. the water pressure could be better and the rent does not match the quality.,0.0891
APT-1323,Cambridge,2758,1,1,715,1,1955,0,1,0,0,0,0,0,1,1,"Move-in ready one-bedroom with designer touches throughout. Modern kitchen with sleek cabinetry, under-cabinet lighting, and high-end appliances. Building includes a fitness center and community lounge.","Not bad, not amazing. in-unit laundry is a plus. the water pressure could be better is a minus.",It was fine. central air though the kitchen is smaller than expected.,Loved living here. The central air was a huge plus and the neighborhood is fantastic.,0.0509
APT-1324,Brighton,3057,3,3,1158,2,1967,1,1,0,0,0,1,0,1,1,Cozy three-bedroom with good natural light and hardwood floors. Good natural light in the main living area. Secure building with on-site management.,Would rent again in a heartbeat. dishwasher and great vibes in the neighborhood.,Perfect for young professionals. renovated bathroom and tons of good food nearby.,The apartment exceeded my expectations. updated appliances and the building is well-run.,0.0596
APT-1325,Back Bay,4409,3,3,1342,6,1938,1,1,0,0,0,1,1,0,1,Sun-drenched three-bedroom featuring oversized windows and high ceilings. Floor-to-ceiling windows flood the space with natural light all day. Neighborhood favorites for brunch and dinner are just around the corner.,My favorite apartment so far. kitchen and the commute to downtown was easy.,My favorite apartment so far. in-unit laundry and the commute to downtown was easy.,The apartment exceeded my expectations. storage space and the building is well-run.,0.0542
APT-1326,East Boston,3319,4,4,1427,5,1965,0,0,1,1,0,1,1,1,1,Freshly painted four-bedroom ready for immediate move-in. Eat-in kitchen with plenty of cabinet space.,It was fine. central air though the laundry room is always busy.,Great apartment. parking spot made it feel like home right away. Would definitely recommend.,Would rent again in a heartbeat. building amenities and great vibes in the neighborhood.,0.0569
APT-1327,Back Bay,4340,2,2,951,1,1927,1,0,0,0,0,0,0,0,0,"Spacious and bright two-bedroom with an open-concept layout. The kitchen features granite countertops, stainless steel appliances, and a breakfast bar. Surrounded by local shops, bakeries, and green space.",Average experience overall. modern finishes was nice but the heating system is inconsistent.,"Clean, well-maintained, and quiet street. No complaints.",Reasonable place. gym was nice. the closets are tiny was annoying at times.,0.0629
APT-1328,Dorchester,2790,3,3,1280,1,1960,0,0,0,0,0,0,1,0,1,Clean and bright three-bedroom available in Dorchester. The kitchen has been updated with new countertops and appliances. Close to local farmers markets and community events.,Average experience overall. kitchen was nice but the windows are drafty in winter.,The apartment exceeded my expectations. courtyard and the building is well-run.,Great apartment. high ceilings made it feel like home right away. Would definitely recommend.,0.0269
APT-1329,Charlestown,2157,1,1,626,5,1900,1,1,0,1,0,0,1,1,1,Freshly painted one-bedroom ready for immediate move-in. Nice afternoon light from the west-facing windows. Private outdoor space perfect for morning coffee.,Would rent again in a heartbeat. renovated bathroom and great vibes in the neighborhood.,Ended my lease early because of noise from the street. Very frustrating experience.,Not great. a broken intercom was never properly addressed despite multiple requests.,0.0561
APT-1330,Cambridge,2172,0,1,478,3,2019,0,1,0,0,1,0,0,0,1,"Sun-drenched studio featuring oversized windows and high ceilings. Chef's kitchen with gas range, stone countertops, and ample prep space. Surrounded by local shops, bakeries, and green space.",Really enjoyed my time here. in-unit laundry and the location is unbeatable.,Solid place to live. layout was better than expected. Management is responsive.,Really enjoyed my time here. location and the location is unbeatable.,0.0588
APT-1331,Brighton,1449,0,1,343,3,1965,0,0,0,0,0,0,1,1,0,Solid studio close to shops and restaurants in Brighton. Windows in every room keep the space feeling bright. High ceilings give the unit an expansive feel.,It served its purpose. central air but management could be more responsive.,Below average. the heating system is inconsistent and the building needs serious maintenance.,"Not bad, not amazing. gym is a plus. the laundry room is always busy is a minus.",0.0369
APT-1332,South End,3186,2,2,964,1,1913,1,1,1,0,0,0,1,0,1,"Move-in ready two-bedroom with designer touches throughout. The kitchen features granite countertops, stainless steel appliances, and a breakfast bar. Pet-friendly building with a shared courtyard.",The apartment exceeded my expectations. high ceilings and the building is well-run.,Would rent again in a heartbeat. dishwasher and great vibes in the neighborhood.,One of the better apartments I've rented. storage space and neighbors are friendly.,0.0868
APT-1333,East Boston,2128,2,2,1060,4,1968,0,0,0,0,0,1,1,0,0,Comfortable two-bedroom with updated appliances and good closet space. Good natural light in the main living area.,One of the better apartments I've rented. balcony view and neighbors are friendly.,Super comfortable space. kitchen and I never had issues with noise.,"Lived here a year. balcony view. On the other hand, the bathroom could use an update.",0.0464
APT-1334,Back Bay,3674,2,2,867,2,1882,1,1,1,1,0,0,1,1,1,Sun-drenched two-bedroom featuring oversized windows and high ceilings. The living area is bathed in natural light from multiple exposures. Close to local farmers markets and community events.,Loved living here. The layout was a huge plus and the neighborhood is fantastic.,Perfect for young professionals. closet space and tons of good food nearby.,Perfect for young professionals. open floor plan and tons of good food nearby.,0.0657
APT-1335,South End,2921,1,1,650,3,1919,0,1,0,0,0,0,1,1,1,Spacious and bright one-bedroom with an open-concept layout. Recently renovated kitchen with quartz counters and soft-close cabinetry. Quiet building with thick walls and good insulation.,"Lived here a year. modern finishes. On the other hand, the walls are thin.",Really enjoyed my time here. dishwasher and the location is unbeatable.,Loved living here. The storage space was a huge plus and the neighborhood is fantastic.,0.0717
APT-1336,Jamaica Plain,2699,2,2,739,2,1950,1,0,1,0,0,0,1,0,1,Straightforward two-bedroom in a walkable part of Jamaica Plain. Cozy lower-level unit with some natural light.,Ended my lease early because of mold in the bathroom. Very frustrating experience.,Decent apartment for the price. updated appliances but the water pressure could be better.,Ended my lease early because of unreliable hot water. Very frustrating experience.,0.0601
APT-1337,Brighton,1243,0,1,437,4,1973,0,1,1,0,1,0,1,0,1,Affordable studio in Brighton. Small but functional kitchen.,It was fine. hardwood floors though parking is a nightmare.,Not great. heating and cooling issues was never properly addressed despite multiple requests.,It served its purpose. central air but management could be more responsive.,0.0265
APT-1338,Allston,1818,1,1,709,2,1946,0,0,0,0,0,0,1,0,0,Clean and bright one-bedroom available in Allston. Good natural light in the main living area.,Super comfortable space. rooftop access and I never had issues with noise.,"Not bad, not amazing. hardwood floors is a plus. the elevator is slow is a minus.",Average experience overall. modern finishes was nice but the heating system is inconsistent.,0.0059
APT-1339,Cambridge,3289,2,2,942,3,1986,1,1,0,1,0,0,0,0,1,Nice two-bedroom with a functional layout and recent updates. Eat-in kitchen with plenty of cabinet space. Private outdoor space perfect for morning coffee.,Great apartment. updated appliances made it feel like home right away. Would definitely recommend.,It served its purpose. natural light but management could be more responsive.,It was fine. bay windows though the heating system is inconsistent.,0.0583
APT-1340,Cambridge,4193,3,3,1283,5,2023,1,1,0,0,0,0,1,0,1,"Thoughtfully designed three-bedroom with premium finishes and abundant storage. The kitchen features granite countertops, stainless steel appliances, and a breakfast bar.",Perfect for young professionals. high ceilings and tons of good food nearby.,Great apartment. dishwasher made it feel like home right away. Would definitely recommend.,It was fine. hardwood floors though the water pressure could be better.,0.0468
APT-1341,East Boston,1931,1,1,637,2,1961,1,1,0,0,0,0,1,0,0,Clean and bright one-bedroom available in East Boston. Windows in every room keep the space feeling bright. Secure building with on-site management.,Had ongoing issues with unreliable hot water. Not worth the price.,The listing was misleading. the walls are thin and noise from the street.,Had ongoing issues with a leaky faucet. Not worth the price.,0.0398
APT-1342,Cambridge,3325,2,2,804,2,2023,1,1,0,0,1,0,0,1,1,"Charming two-bedroom with original hardwood floors and updated kitchen. Modern kitchen with sleek cabinetry, under-cabinet lighting, and high-end appliances. Pet-friendly building with a shared courtyard.",Super comfortable space. dishwasher and I never had issues with noise.,"Clean, well-maintained, and courtyard. No complaints.",One of the better apartments I've rented. high ceilings and neighbors are friendly.,0.0819
APT-1343,Fenway,2182,1,1,524,2,1949,1,1,0,1,0,0,0,0,0,"Charming one-bedroom with original hardwood floors and updated kitchen. The kitchen features granite countertops, stainless steel appliances, and a breakfast bar.",Decent apartment for the price. central air but you can hear the neighbors above.,Really appreciated bay windows. The management fixed things quickly when needed.,Perfect for young professionals. building amenities and tons of good food nearby.,0.054
APT-1344,Dorchester,1502,1,1,731,6,1917,1,0,1,0,0,1,1,0,1,Updated one-bedroom in a well-managed building in Dorchester. The kitchen has been updated with new countertops and appliances.,Lived here for two years and loved it. hardwood floors made a big difference day to day.,Loved living here. The parking spot was a huge plus and the neighborhood is fantastic.,The apartment looked better in photos. the elevator is slow was a constant frustration.,0.0811
APT-1345,Cambridge,4484,3,3,1129,2,1976,1,1,1,0,1,0,1,0,1,"Thoughtfully designed three-bedroom with premium finishes and abundant storage. Chef's kitchen with gas range, stone countertops, and ample prep space. The layout offers great separation between bedrooms.",Really enjoyed my time here. rooftop access and the location is unbeatable.,Super comfortable space. closet space and I never had issues with noise.,Really enjoyed my time here. bay windows and the location is unbeatable.,0.0589
APT-1346,Fenway,4135,3,3,1243,1,2010,1,1,0,1,0,0,1,0,1,"Sun-drenched three-bedroom featuring oversized windows and high ceilings. Oversized bay windows create a bright, airy atmosphere. Open floor plan is great for entertaining.",Struggled with a leaky faucet the entire lease. Save your money.,Mixed feelings. gym but I wish the bathroom was newer.,Very happy with this place. bay windows is exactly what I was looking for.,0.0872
APT-1347,Back Bay,3927,2,2,818,6,1925,0,1,1,0,0,1,0,1,0,"Stunning two-bedroom in the heart of Back Bay. Chef's kitchen with gas range, stone countertops, and ample prep space. Secure building with on-site management.",Solid place to live. balcony view was better than expected. Management is responsive.,The listing was misleading. the laundry room is always busy and a malfunctioning thermostat.,Super comfortable space. courtyard and I never had issues with noise.,0.0467
APT-1348,East Boston,2612,2,2,914,3,1964,1,1,1,0,0,0,1,0,1,Pleasant two-bedroom with a good layout and natural light. Eat-in kitchen with plenty of cabinet space. Quiet building with thick walls and good insulation.,Lived here for two years and loved it. rooftop access made a big difference day to day.,Would not recommend. the hallways are a bit run-down and the rent does not match the quality.,Below average. the hallways are a bit run-down and the building needs serious maintenance.,0.0587
APT-1349,Dorchester,1756,2,2,795,2,1989,0,0,1,0,1,1,1,0,1,"Well-maintained two-bedroom in a convenient Dorchester location. Nice afternoon light from the west-facing windows. Steps from great restaurants, coffee shops, and nightlife.",It served its purpose. dishwasher but management could be more responsive.,Great apartment. rooftop access made it feel like home right away. Would definitely recommend.,Lived here for two years and loved it. central air made a big difference day to day.,0.0492
APT-1350,South End,3245,2,2,957,3,2024,0,1,0,0,1,1,1,0,1,Move-in ready two-bedroom with designer touches throughout. The living area is bathed in natural light from multiple exposures.,Solid place to live. layout was better than expected. Management is responsive.,Would rent again in a heartbeat. parking spot and great vibes in the neighborhood.,It served its purpose. in-unit laundry but management could be more responsive.,0.0784
APT-1351,Beacon Hill,3540,1,1,590,1,1919,1,1,0,0,0,0,0,1,1,Nice one-bedroom with a functional layout and recent updates. Good natural light in the main living area.,Super comfortable space. in-unit laundry and I never had issues with noise.,"Good for what you pay. bay windows, just be aware that parking is a nightmare.",Solid place to live. high ceilings was better than expected. Management is responsive.,0.0639
APT-1352,Jamaica Plain,2385,2,2,872,6,1997,1,1,0,0,1,0,1,1,1,Thoughtfully designed two-bedroom with premium finishes and abundant storage. The living area is bathed in natural light from multiple exposures.,Would not recommend. the buzzer system barely works and the rent does not match the quality.,My favorite apartment so far. gym and the commute to downtown was easy.,Would rent again in a heartbeat. open floor plan and great vibes in the neighborhood.,0.0723
APT-1353,Jamaica Plain,3110,3,3,1511,6,1946,1,0,1,1,0,0,1,0,0,Clean and bright three-bedroom available in Jamaica Plain. Kitchen includes newer appliances and tile backsplash.,Super comfortable space. dishwasher and I never had issues with noise.,"Lived here a year. hardwood floors. On the other hand, the buzzer system barely works.",Decent apartment for the price. high ceilings but the bathroom could use an update.,0.072
APT-1354,Back Bay,3122,1,1,670,5,1884,0,1,1,0,0,0,1,1,1,Gorgeous one-bedroom in a meticulously maintained brownstone. The living area is bathed in natural light from multiple exposures. Neighborhood favorites for brunch and dinner are just around the corner.,The apartment exceeded my expectations. modern finishes and the building is well-run.,Super comfortable space. open floor plan and I never had issues with noise.,The apartment exceeded my expectations. renovated bathroom and the building is well-run.,0.0668
APT-1355,Charlestown,3208,2,2,1015,4,1905,1,1,0,1,0,0,0,1,0,Nice two-bedroom with a functional layout and recent updates. Windows in every room keep the space feeling bright.,"Lived here a year. bay windows. On the other hand, the bathroom could use an update.",It served its purpose. location but management could be more responsive.,Solid place to live. kitchen was better than expected. Management is responsive.,0.0455
APT-1356,Beacon Hill,2256,0,1,343,3,1910,1,1,1,0,1,0,0,0,1,"Gorgeous studio in a meticulously maintained brownstone. Oversized bay windows create a bright, airy atmosphere. Neighborhood favorites for brunch and dinner are just around the corner.",Had ongoing issues with poor insulation. Not worth the price.,Great apartment. renovated bathroom made it feel like home right away. Would definitely recommend.,Really appreciated storage space. The management fixed things quickly when needed.,0.0358
APT-1357,Brighton,1799,1,1,628,1,1974,1,1,0,1,0,0,0,1,1,Comfortable one-bedroom with updated appliances and good closet space. Eat-in kitchen with plenty of cabinet space. Easy access to major highways and downtown.,Average experience overall. in-unit laundry was nice but the hallways are a bit run-down.,Lived here for two years and loved it. parking spot made a big difference day to day.,Ended my lease early because of water pressure drops. Very frustrating experience.,0.0672
APT-1358,Beacon Hill,3497,1,1,604,1,1901,0,0,1,0,0,0,0,0,1,"Stunning one-bedroom in the heart of Beacon Hill. Oversized bay windows create a bright, airy atmosphere. Building includes a fitness center and community lounge.",Perfect for young professionals. location and tons of good food nearby.,The listing was misleading. the bathroom could use an update and a leaky faucet.,"Clean, well-maintained, and balcony view. No complaints.",0.0474
APT-1359,Beacon Hill,3959,2,2,1073,6,1911,1,1,1,0,1,0,1,0,1,"Move-in ready two-bedroom with designer touches throughout. The kitchen features granite countertops, stainless steel appliances, and a breakfast bar. Recently updated common areas and secure entry.",Lived here for two years and loved it. rooftop access made a big difference day to day.,Would rent again in a heartbeat. hardwood floors and great vibes in the neighborhood.,Adequate for the area. bay windows. Could use some updates though.,0.0786
APT-1360,Beacon Hill,2687,0,1,513,6,1923,0,0,1,0,1,0,1,1,0,Elegant studio offering a perfect blend of classic charm and modern convenience. South-facing exposure brings in gorgeous natural light throughout.,Would rent again in a heartbeat. storage space and great vibes in the neighborhood.,"Lived here a year. hardwood floors. On the other hand, you can hear the neighbors above.",One of the better apartments I've rented. open floor plan and neighbors are friendly.,0.0335
APT-1361,Brighton,1497,0,1,414,1,1971,1,1,0,0,1,0,0,0,0,Pleasant studio with a good layout and natural light. Galley kitchen with updated fixtures and good counter space. Quiet building with thick walls and good insulation.,It served its purpose. hardwood floors but management could be more responsive.,Mixed feelings. modern finishes but I wish the laundry was in-unit.,Reasonable place. open floor plan was nice. the buzzer system barely works was annoying at times.,0.0581
APT-1362,Back Bay,6372,4,4,1604,3,1935,0,1,0,1,0,1,0,0,0,"Spacious and bright four-bedroom with an open-concept layout. Oversized bay windows create a bright, airy atmosphere. Just a short walk to the waterfront and bike paths.",Really appreciated rooftop access. The management fixed things quickly when needed.,Perfect for young professionals. building amenities and tons of good food nearby.,It was fine. high ceilings though the buzzer system barely works.,0.0861
APT-1363,Brighton,1884,1,1,852,3,1954,1,1,0,1,0,0,0,0,1,Updated one-bedroom in a well-managed building in Brighton. Kitchen includes newer appliances and tile backsplash. Pet-friendly building with a shared courtyard.,Reasonable place. rooftop access was nice. the street noise can be rough on weekends was annoying at times.,Ended my lease early because of mice in the building. Very frustrating experience.,Great apartment. building amenities made it feel like home right away. Would definitely recommend.,0.0293
APT-1364,South End,3898,2,2,941,3,2004,1,1,0,1,0,0,0,1,1,"Beautifully renovated two-bedroom with modern finishes throughout. Chef's kitchen with gas range, stone countertops, and ample prep space. Walking distance to parks, shops, and public transit.","Good for what you pay. renovated bathroom, just be aware that the street noise can be rough on weekends.",Solid place to live. layout was better than expected. Management is responsive.,The listing was misleading. the street noise can be rough on weekends and a leaky faucet.,0.0713
APT-1365,Dorchester,2416,3,3,1023,3,1936,0,1,0,0,0,0,0,0,0,Pleasant three-bedroom with a good layout and natural light. Windows in every room keep the space feeling bright.,Lived here for two years and loved it. updated appliances made a big difference day to day.,Reasonable place. parking spot was nice. the water pressure could be better was annoying at times.,Reasonable place. rooftop access was nice. parking is a nightmare was annoying at times.,0.0331
APT-1366,Fenway,2383,1,1,695,3,1989,1,1,0,1,0,0,0,0,0,"Beautifully renovated one-bedroom with modern finishes throughout. Chef's kitchen with gas range, stone countertops, and ample prep space. Quiet building with thick walls and good insulation.",The apartment looked better in photos. the elevator is slow was a constant frustration.,One of the better apartments I've rented. storage space and neighbors are friendly.,Had ongoing issues with unreliable hot water. Not worth the price.,0.0673
APT-1367,Somerville,3327,4,4,1685,5,2022,0,0,1,1,0,1,1,0,0,Sun-drenched four-bedroom featuring oversized windows and high ceilings. Floor-to-ceiling windows flood the space with natural light all day.,Very happy with this place. high ceilings is exactly what I was looking for.,Average experience overall. high ceilings was nice but the hallways are a bit run-down.,"Lived here a year. hardwood floors. On the other hand, the walls are thin.",0.0559
APT-1368,Dorchester,1243,0,1,450,2,2011,0,1,0,0,1,0,0,1,1,studio available now in Dorchester. Great price for the area. Street-level unit; supplemental lighting recommended.,The apartment looked better in photos. the closets are tiny was a constant frustration.,Below average. the closets are tiny and the building needs serious maintenance.,The listing was misleading. you can hear the neighbors above and cracks in the walls.,0.0569
APT-1369,Beacon Hill,4840,3,3,1260,5,1902,0,0,1,0,0,0,0,1,0,Clean and bright three-bedroom available in Beacon Hill. The kitchen has been updated with new countertops and appliances. Quiet building with thick walls and good insulation.,Below average. the heating system is inconsistent and the building needs serious maintenance.,Overpriced for what you get. the windows are drafty in winter.,Had a great experience. hardwood floors and it's super walkable to everything.,0.0442
APT-1370,Beacon Hill,3452,1,1,620,4,1904,0,1,1,0,0,0,0,0,1,"Thoughtfully designed one-bedroom with premium finishes and abundant storage. The kitchen features granite countertops, stainless steel appliances, and a breakfast bar.",Not great. water pressure drops was never properly addressed despite multiple requests.,"Clean, well-maintained, and high ceilings. No complaints.",One of the better apartments I've rented. hardwood floors and neighbors are friendly.,0.0454
APT-1371,Dorchester,3006,4,4,1779,4,2016,1,1,0,0,0,0,1,1,1,Simple four-bedroom with the basics covered. Street-level unit; supplemental lighting recommended. Laundry facilities on every floor.,Decent apartment for the price. dishwasher but you can hear the neighbors above.,Below average. parking is a nightmare and the building needs serious maintenance.,It served its purpose. closet space but management could be more responsive.,0.0218
APT-1372,Back Bay,2059,0,1,518,2,1894,0,1,1,0,0,0,0,0,1,"Move-in ready studio with designer touches throughout. The kitchen features granite countertops, stainless steel appliances, and a breakfast bar. Generous closet space throughout, including a walk-in in the primary bedroom.",My favorite apartment so far. renovated bathroom and the commute to downtown was easy.,"Lived here a year. open floor plan. On the other hand, the walls are thin.","Not bad, not amazing. modern finishes is a plus. the hallways are a bit run-down is a minus.",0.0933
APT-1373,Allston,2476,3,3,1226,4,1956,0,1,1,0,0,0,1,0,1,"Updated three-bedroom in a well-managed building in Allston. Good natural light in the main living area. Surrounded by local shops, bakeries, and green space.",One of the better apartments I've rented. updated appliances and neighbors are friendly.,Great apartment. quiet street made it feel like home right away. Would definitely recommend.,Adequate for the area. high ceilings. Could use some updates though.,0.0872
APT-1374,Fenway,3051,1,1,744,6,1930,1,1,1,0,1,0,1,0,1,"Stunning one-bedroom in the heart of Fenway. Recently renovated kitchen with quartz counters and soft-close cabinetry. Walking distance to parks, shops, and public transit.",Solid place to live. rooftop access was better than expected. Management is responsive.,One of the better apartments I've rented. open floor plan and neighbors are friendly.,Had a great experience. dishwasher and it's super walkable to everything.,0.071
APT-1375,Charlestown,3282,2,2,840,2,1911,0,1,1,0,0,1,1,0,1,Solid two-bedroom close to shops and restaurants in Charlestown. Kitchen includes newer appliances and tile backsplash. Easy access to major highways and downtown.,Very happy with this place. natural light is exactly what I was looking for.,Lived here for two years and loved it. parking spot made a big difference day to day.,Not great. cracks in the walls was never properly addressed despite multiple requests.,0.056
APT-1376,Allston,2137,2,2,851,5,1955,0,0,1,0,0,0,1,0,1,Solid two-bedroom close to shops and restaurants in Allston. Nice afternoon light from the west-facing windows. Elevator building with package room and bike storage.,Had ongoing issues with noise from the street. Not worth the price.,The apartment looked better in photos. the kitchen is smaller than expected was a constant frustration.,Very happy with this place. high ceilings is exactly what I was looking for.,0.0659
APT-1377,Jamaica Plain,3001,3,3,1412,2,1984,1,1,0,1,1,1,1,0,0,Freshly painted three-bedroom ready for immediate move-in. Windows in every room keep the space feeling bright.,"Lived here a year. location. On the other hand, the kitchen is smaller than expected.",Lived here for two years and loved it. balcony view made a big difference day to day.,Adequate for the area. building amenities. Could use some updates though.,0.0597
APT-1378,Back Bay,3634,2,2,698,3,1914,0,1,0,0,0,0,1,1,1,"Sun-drenched two-bedroom featuring oversized windows and high ceilings. Modern kitchen with sleek cabinetry, under-cabinet lighting, and high-end appliances. High ceilings give the unit an expansive feel.",Great apartment. closet space made it feel like home right away. Would definitely recommend.,"Good for what you pay. rooftop access, just be aware that the windows are drafty in winter.",Had a great experience. quiet street and it's super walkable to everything.,0.0484
APT-1379,Cambridge,4835,3,3,1290,2,1911,0,0,1,0,0,0,1,0,1,Clean and bright three-bedroom available in Cambridge. Eat-in kitchen with plenty of cabinet space. Recently updated common areas and secure entry.,Really enjoyed my time here. location and the location is unbeatable.,The listing was misleading. the closets are tiny and a malfunctioning thermostat.,The listing was misleading. the water pressure could be better and mold in the bathroom.,0.0804
APT-1380,Brighton,3141,3,3,1283,5,1944,1,0,0,0,1,0,0,1,0,"Clean and bright three-bedroom available in Brighton. Windows in every room keep the space feeling bright. Steps from great restaurants, coffee shops, and nightlife.",Reasonable place. gym was nice. you can hear the neighbors above was annoying at times.,Solid place to live. natural light was better than expected. Management is responsive.,Below average. the walls are thin and the building needs serious maintenance.,0.0359
APT-1381,Back Bay,2989,1,1,734,6,1938,0,1,1,0,0,1,0,1,1,Elegant one-bedroom offering a perfect blend of classic charm and modern convenience. The living area is bathed in natural light from multiple exposures. Built-in shelving and extra storage in the hallway.,Had a great experience. rooftop access and it's super walkable to everything.,"Clean, well-maintained, and location. No complaints.",It was fine. quiet street though the walls are thin.,0.0853
APT-1382,Charlestown,3495,3,3,1038,5,1882,0,0,1,1,0,1,0,0,0,"Stunning three-bedroom in the heart of Charlestown. Oversized bay windows create a bright, airy atmosphere. Easy access to major highways and downtown.",Loved living here. The rooftop access was a huge plus and the neighborhood is fantastic.,Had ongoing issues with water pressure drops. Not worth the price.,Would rent again in a heartbeat. closet space and great vibes in the neighborhood.,0.0321
APT-1383,Fenway,2611,1,1,638,4,1980,0,1,0,0,1,0,0,0,1,Solid one-bedroom close to shops and restaurants in Fenway. Good natural light in the main living area.,Really appreciated central air. The management fixed things quickly when needed.,The apartment looked better in photos. the heating system is inconsistent was a constant frustration.,Very happy with this place. building amenities is exactly what I was looking for.,0.0247
APT-1384,Somerville,2744,2,2,842,2,1922,0,0,1,1,1,0,0,1,0,Pleasant two-bedroom with a good layout and natural light. The kitchen has been updated with new countertops and appliances.,It was fine. gym though the hallways are a bit run-down.,Adequate for the area. parking spot. Could use some updates though.,Perfect for young professionals. gym and tons of good food nearby.,0.0106
APT-1385,Fenway,2523,1,1,788,1,1982,1,0,0,0,0,0,1,1,0,"Move-in ready one-bedroom with designer touches throughout. The kitchen features granite countertops, stainless steel appliances, and a breakfast bar.",Really enjoyed my time here. natural light and the location is unbeatable.,One of the better apartments I've rented. in-unit laundry and neighbors are friendly.,One of the better apartments I've rented. rooftop access and neighbors are friendly.,0.0526
APT-1386,Somerville,1945,1,1,686,1,1991,0,1,0,0,1,0,0,0,1,Cozy one-bedroom with good natural light and hardwood floors. Good natural light in the main living area. Roof deck with city views available to all residents.,It served its purpose. rooftop access but management could be more responsive.,Perfect for young professionals. hardwood floors and tons of good food nearby.,"Clean, well-maintained, and gym. No complaints.",0.057
APT-1387,South End,2422,0,1,516,2,2010,0,0,0,0,0,1,1,0,0,Sun-drenched studio featuring oversized windows and high ceilings. South-facing exposure brings in gorgeous natural light throughout. Just a short walk to the waterfront and bike paths.,Really enjoyed my time here. natural light and the location is unbeatable.,The apartment exceeded my expectations. balcony view and the building is well-run.,"Lived here a year. renovated bathroom. On the other hand, parking is a nightmare.",0.0482
APT-1388,East Boston,1573,1,1,585,4,1943,0,1,1,0,0,0,0,0,1,one-bedroom in a quiet residential area of East Boston. Eat-in kitchen with plenty of cabinet space.,Struggled with water pressure drops the entire lease. Save your money.,Decent apartment for the price. layout but the buzzer system barely works.,Loved living here. The quiet street was a huge plus and the neighborhood is fantastic.,0.0558
APT-1389,Charlestown,3323,2,2,813,2,1898,1,1,1,0,1,0,1,1,0,"Spacious and bright two-bedroom with an open-concept layout. Recently renovated kitchen with quartz counters and soft-close cabinetry. Steps from great restaurants, coffee shops, and nightlife.",Perfect for young professionals. central air and tons of good food nearby.,Had a great experience. high ceilings and it's super walkable to everything.,Decent apartment for the price. high ceilings but the water pressure could be better.,0.061
APT-1390,Charlestown,2409,1,1,591,3,1885,0,1,0,1,1,1,1,0,0,No-frills one-bedroom in a convenient location. Cozy lower-level unit with some natural light.,Very happy with this place. closet space is exactly what I was looking for.,It was fine. open floor plan though the buzzer system barely works.,Struggled with heating and cooling issues the entire lease. Save your money.,0.0666
APT-1391,Fenway,2716,1,1,628,3,1961,0,1,1,0,0,0,1,1,1,Pleasant one-bedroom with a good layout and natural light. Nice afternoon light from the west-facing windows. Roof deck with city views available to all residents.,The apartment exceeded my expectations. kitchen and the building is well-run.,Super comfortable space. courtyard and I never had issues with noise.,Lived here for two years and loved it. gym made a big difference day to day.,0.0598
APT-1392,Back Bay,3986,3,3,1123,2,1927,1,1,1,0,1,1,1,1,1,"Stunning three-bedroom in the heart of Back Bay. Modern kitchen with sleek cabinetry, under-cabinet lighting, and high-end appliances.","Lived here a year. hardwood floors. On the other hand, the hallways are a bit run-down.",Mixed feelings. updated appliances but I wish management communicated more.,Super comfortable space. bay windows and I never had issues with noise.,0.0543
APT-1393,Allston,1775,1,1,544,1,1940,1,1,1,0,0,0,1,0,0,Updated one-bedroom in a well-managed building in Allston. Galley kitchen with updated fixtures and good counter space.,Decent apartment for the price. hardwood floors but the windows are drafty in winter.,It served its purpose. renovated bathroom but management could be more responsive.,Solid place to live. building amenities was better than expected. Management is responsive.,0.0551
APT-1394,Jamaica Plain,2066,2,2,1025,2,2009,0,1,1,0,0,0,1,0,0,Well-maintained two-bedroom in a convenient Jamaica Plain location. Galley kitchen with updated fixtures and good counter space. Neighborhood favorites for brunch and dinner are just around the corner.,"Lived here a year. bay windows. On the other hand, you can hear the neighbors above.",Perfect for young professionals. natural light and tons of good food nearby.,Decent apartment for the price. location but the heating system is inconsistent.,0.0426
APT-1395,Back Bay,3993,2,2,1024,2,1881,0,1,1,0,1,0,1,0,1,Clean and bright two-bedroom available in Back Bay. Eat-in kitchen with plenty of cabinet space. Bonus alcove works perfectly as a home office nook.,Disappointing overall. there's limited counter space and management was slow to respond.,My favorite apartment so far. quiet street and the commute to downtown was easy.,Mixed feelings. courtyard but I wish the bathroom was newer.,0.0609
APT-1396,East Boston,2268,2,2,974,4,1962,1,0,1,0,0,1,0,0,0,"Pleasant two-bedroom with a good layout and natural light. Windows in every room keep the space feeling bright. Generous closet space throughout, including a walk-in in the primary bedroom.",Reasonable place. rooftop access was nice. the windows are drafty in winter was annoying at times.,Average experience overall. storage space was nice but the water pressure could be better.,Had ongoing issues with mice in the building. Not worth the price.,0.049
APT-1397,Cambridge,2531,1,1,656,4,2002,0,0,0,0,0,1,0,0,0,one-bedroom in a quiet residential area of Cambridge. Good natural light in the main living area. Private outdoor space perfect for morning coffee.,Had a great experience. high ceilings and it's super walkable to everything.,Adequate for the area. modern finishes. Could use some updates though.,Reasonable place. location was nice. you can hear the neighbors above was annoying at times.,0.0051
APT-1398,South End,3783,2,2,997,3,1975,0,0,1,0,1,1,1,1,0,Comfortable two-bedroom with updated appliances and good closet space. Windows in every room keep the space feeling bright. Neighborhood favorites for brunch and dinner are just around the corner.,Had a great experience. natural light and it's super walkable to everything.,Adequate for the area. in-unit laundry. Could use some updates though.,Decent apartment for the price. open floor plan but the closets are tiny.,0.0398
APT-1399,Dorchester,1709,1,1,810,1,1990,0,1,0,0,0,0,1,1,1,Updated one-bedroom in a well-managed building in Dorchester. The kitchen has been updated with new countertops and appliances.,Had a great experience. updated appliances and it's super walkable to everything.,Lived here for two years and loved it. layout made a big difference day to day.,It was fine. updated appliances though you can hear the neighbors above.,0.0386
APT-1400,Back Bay,3843,2,2,1048,3,1883,0,1,0,0,0,0,0,0,1,Impeccably maintained two-bedroom in a sought-after Back Bay location. The living area is bathed in natural light from multiple exposures. Recently updated common areas and secure entry.,Would rent again in a heartbeat. kitchen and great vibes in the neighborhood.,Solid place to live. location was better than expected. Management is responsive.,"Not bad, not amazing. natural light is a plus. the elevator is slow is a minus.",0.0412
APT-1401,Back Bay,2955,1,1,575,1,1943,1,1,0,0,1,1,0,0,1,"Elegant one-bedroom offering a perfect blend of classic charm and modern convenience. Oversized bay windows create a bright, airy atmosphere. Steps from great restaurants, coffee shops, and nightlife.",Lived here for two years and loved it. hardwood floors made a big difference day to day.,Super comfortable space. updated appliances and I never had issues with noise.,Solid place to live. storage space was better than expected. Management is responsive.,0.0815
APT-1402,Beacon Hill,3324,1,1,630,1,1903,0,1,0,0,1,1,0,1,1,Thoughtfully designed one-bedroom with premium finishes and abundant storage. South-facing exposure brings in gorgeous natural light throughout.,Really appreciated updated appliances. The management fixed things quickly when needed.,Lived here for two years and loved it. natural light made a big difference day to day.,Overpriced for what you get. the walls are thin.,0.0279
APT-1403,Fenway,2753,1,1,643,2,1930,0,0,0,1,0,0,1,0,1,Comfortable one-bedroom with updated appliances and good closet space. Eat-in kitchen with plenty of cabinet space. Open floor plan is great for entertaining.,Not great. a broken intercom was never properly addressed despite multiple requests.,Not great. cracks in the walls was never properly addressed despite multiple requests.,Overpriced for what you get. the closets are tiny.,0.0964
APT-1404,Cambridge,5190,4,4,1455,2,1955,0,1,1,0,0,0,0,0,0,"Stunning four-bedroom in the heart of Cambridge. Oversized bay windows create a bright, airy atmosphere.",Adequate for the area. central air. Could use some updates though.,Lived here for two years and loved it. dishwasher made a big difference day to day.,Average experience overall. storage space was nice but the closets are tiny.,0.0725
APT-1405,Dorchester,1628,1,1,537,3,1994,1,0,0,0,0,1,0,1,1,Nice one-bedroom with a functional layout and recent updates. Windows in every room keep the space feeling bright.,The apartment exceeded my expectations. balcony view and the building is well-run.,Would rent again in a heartbeat. location and great vibes in the neighborhood.,Really appreciated gym. The management fixed things quickly when needed.,0.0421
APT-1406,Dorchester,2410,2,2,1016,4,1956,0,0,1,0,0,0,1,0,0,Updated two-bedroom in a well-managed building in Dorchester. Good natural light in the main living area.,Solid place to live. high ceilings was better than expected. Management is responsive.,Ended my lease early because of mold in the bathroom. Very frustrating experience.,"Good for what you pay. parking spot, just be aware that you can hear the neighbors above.",0.0674
APT-1407,Allston,1359,0,1,496,2,1971,0,1,1,1,1,0,0,1,0,Clean and bright studio available in Allston. The kitchen has been updated with new countertops and appliances. Easy access to major highways and downtown.,The listing was misleading. the elevator is slow and water pressure drops.,Struggled with pest problems the entire lease. Save your money.,The apartment exceeded my expectations. quiet street and the building is well-run.,0.0443
APT-1408,Cambridge,3256,2,2,1011,2,1969,1,1,0,0,1,0,0,1,0,Spacious and bright two-bedroom with an open-concept layout. Floor-to-ceiling windows flood the space with natural light all day.,"Lived here a year. bay windows. On the other hand, the closets are tiny.",The apartment exceeded my expectations. hardwood floors and the building is well-run.,Great apartment. balcony view made it feel like home right away. Would definitely recommend.,0.0542
APT-1409,South End,2600,1,1,683,2,2019,1,1,1,0,1,0,1,1,1,"Move-in ready one-bedroom with designer touches throughout. Modern kitchen with sleek cabinetry, under-cabinet lighting, and high-end appliances. Easy access to major highways and downtown.","Good for what you pay. updated appliances, just be aware that the bathroom could use an update.",Perfect for young professionals. in-unit laundry and tons of good food nearby.,"Clean, well-maintained, and quiet street. No complaints.",0.053
APT-1410,Back Bay,3924,2,2,1052,3,1888,1,0,1,0,1,0,0,0,1,Spacious and bright two-bedroom with an open-concept layout. South-facing exposure brings in gorgeous natural light throughout.,Lived here for two years and loved it. layout made a big difference day to day.,Really appreciated in-unit laundry. The management fixed things quickly when needed.,Perfect for young professionals. layout and tons of good food nearby.,0.0674
APT-1411,Somerville,1447,0,1,473,1,1959,1,1,0,1,0,1,1,0,0,Freshly painted studio ready for immediate move-in. Eat-in kitchen with plenty of cabinet space.,Great apartment. in-unit laundry made it feel like home right away. Would definitely recommend.,"Clean, well-maintained, and renovated bathroom. No complaints.",Lived here for two years and loved it. central air made a big difference day to day.,0.0784
APT-1412,Beacon Hill,3602,1,1,851,1,1901,0,1,1,0,1,1,1,1,1,"Impeccably maintained one-bedroom in a sought-after Beacon Hill location. Chef's kitchen with gas range, stone countertops, and ample prep space. Just a short walk to the waterfront and bike paths.",Loved living here. The updated appliances was a huge plus and the neighborhood is fantastic.,Lived here for two years and loved it. closet space made a big difference day to day.,Very happy with this place. courtyard is exactly what I was looking for.,0.0701
APT-1413,Somerville,2110,1,1,622,3,1982,0,0,0,0,0,0,1,0,1,"Impeccably maintained one-bedroom in a sought-after Somerville location. Oversized bay windows create a bright, airy atmosphere.",Really appreciated quiet street. The management fixed things quickly when needed.,Adequate for the area. natural light. Could use some updates though.,One of the better apartments I've rented. parking spot and neighbors are friendly.,0.0471
APT-1414,Jamaica Plain,1987,1,1,752,1,1988,0,1,0,0,0,1,0,0,0,Clean and bright one-bedroom available in Jamaica Plain. Good natural light in the main living area.,Adequate for the area. quiet street. Could use some updates though.,Lived here for two years and loved it. closet space made a big difference day to day.,Reasonable place. building amenities was nice. the street noise can be rough on weekends was annoying at times.,0.0681
APT-1415,Allston,1527,0,1,443,3,1980,0,1,0,0,0,0,1,1,1,Budget-friendly studio close to public transit. Small but functional kitchen. The layout offers great separation between bedrooms.,Had ongoing issues with a malfunctioning thermostat. Not worth the price.,"Lived here a year. high ceilings. On the other hand, the laundry room is always busy.",Struggled with water pressure drops the entire lease. Save your money.,0.0318
APT-1416,Jamaica Plain,2208,1,1,648,1,1968,1,0,0,0,0,0,1,0,1,Well-maintained one-bedroom in a convenient Jamaica Plain location. Kitchen includes newer appliances and tile backsplash. Bonus alcove works perfectly as a home office nook.,Would rent again in a heartbeat. building amenities and great vibes in the neighborhood.,Mixed feelings. bay windows but I wish management communicated more.,Mixed feelings. courtyard but I wish management communicated more.,0.0414
APT-1417,Charlestown,3300,2,2,959,3,1946,0,0,0,1,0,0,1,0,1,Pleasant two-bedroom with a good layout and natural light. The kitchen has been updated with new countertops and appliances. Bonus alcove works perfectly as a home office nook.,Average experience overall. central air was nice but the heating system is inconsistent.,Perfect for young professionals. hardwood floors and tons of good food nearby.,Solid place to live. high ceilings was better than expected. Management is responsive.,0.0486
APT-1418,Beacon Hill,3900,2,2,800,3,1920,0,1,1,0,1,0,1,0,1,Elegant two-bedroom offering a perfect blend of classic charm and modern convenience. The living area is bathed in natural light from multiple exposures. Elevator building with package room and bike storage.,The apartment exceeded my expectations. quiet street and the building is well-run.,Great apartment. rooftop access made it feel like home right away. Would definitely recommend.,Great apartment. natural light made it feel like home right away. Would definitely recommend.,0.056
APT-1419,East Boston,2439,2,2,1064,1,1951,1,1,0,0,0,0,0,1,1,Clean and bright two-bedroom available in East Boston. Kitchen includes newer appliances and tile backsplash. Quiet building with thick walls and good insulation.,Overpriced for what you get. the street noise can be rough on weekends.,Reasonable place. hardwood floors was nice. the walls are thin was annoying at times.,"Clean, well-maintained, and closet space. No complaints.",0.0475
APT-1420,Cambridge,4369,3,3,1196,4,1966,0,1,0,0,0,0,1,0,1,Pleasant three-bedroom with a good layout and natural light. Galley kitchen with updated fixtures and good counter space.,The apartment exceeded my expectations. location and the building is well-run.,Perfect for young professionals. hardwood floors and tons of good food nearby.,Solid place to live. closet space was better than expected. Management is responsive.,0.0583
APT-1421,East Boston,1918,2,2,1028,5,1982,0,0,0,0,1,0,1,1,1,Comfortable two-bedroom with updated appliances and good closet space. Good natural light in the main living area. Elevator building with package room and bike storage.,Mixed feelings. high ceilings but I wish the bathroom was newer.,The listing was misleading. the elevator is slow and cracks in the walls.,Not great. noise from the street was never properly addressed despite multiple requests.,0.0526
APT-1422,South End,3727,2,2,872,1,1968,1,1,1,1,1,1,1,1,0,"Charming two-bedroom with original hardwood floors and updated kitchen. The kitchen features granite countertops, stainless steel appliances, and a breakfast bar.","Lived here a year. rooftop access. On the other hand, the bathroom could use an update.",The apartment exceeded my expectations. dishwasher and the building is well-run.,Perfect for young professionals. in-unit laundry and tons of good food nearby.,0.0633
APT-1423,Cambridge,3783,2,2,754,4,1902,0,0,1,0,0,0,0,0,0,"Impeccably maintained two-bedroom in a sought-after Cambridge location. Recently renovated kitchen with quartz counters and soft-close cabinetry. Great walkability to cafes, bookstores, and boutiques.",Loved living here. The storage space was a huge plus and the neighborhood is fantastic.,Overpriced for what you get. the heating system is inconsistent.,Great apartment. layout made it feel like home right away. Would definitely recommend.,0.0758
APT-1424,Allston,1957,2,2,826,5,1941,0,0,0,0,0,0,1,0,1,Cozy two-bedroom with good natural light and hardwood floors. Good natural light in the main living area.,Mixed feelings. open floor plan but I wish the laundry was in-unit.,Super comfortable space. open floor plan and I never had issues with noise.,"Not bad, not amazing. renovated bathroom is a plus. the water pressure could be better is a minus.",0.0507
APT-1425,Beacon Hill,5071,3,3,1270,1,1892,0,1,0,0,0,1,1,1,0,"Gorgeous three-bedroom in a meticulously maintained brownstone. Oversized bay windows create a bright, airy atmosphere.","Clean, well-maintained, and dishwasher. No complaints.",Great apartment. storage space made it feel like home right away. Would definitely recommend.,One of the better apartments I've rented. gym and neighbors are friendly.,0.0772
APT-1426,East Boston,1405,0,1,436,5,1945,0,1,1,0,0,1,0,0,1,studio in a quiet residential area of East Boston. Windows in every room keep the space feeling bright.,Would not recommend. the closets are tiny and the rent does not match the quality.,Adequate for the area. layout. Could use some updates though.,Loved living here. The high ceilings was a huge plus and the neighborhood is fantastic.,0.0834
APT-1427,Back Bay,3063,1,1,573,1,1925,1,1,1,0,0,1,1,0,1,Beautifully renovated one-bedroom with modern finishes throughout. South-facing exposure brings in gorgeous natural light throughout.,Lived here for two years and loved it. kitchen made a big difference day to day.,One of the better apartments I've rented. modern finishes and neighbors are friendly.,Average experience overall. storage space was nice but the water pressure could be better.,0.06
APT-1428,Allston,1350,1,1,716,2,1944,0,1,0,0,0,1,1,1,1,Solid one-bedroom close to shops and restaurants in Allston. Windows in every room keep the space feeling bright. Neighborhood favorites for brunch and dinner are just around the corner.,It served its purpose. rooftop access but management could be more responsive.,Really appreciated closet space. The management fixed things quickly when needed.,Ended my lease early because of mice in the building. Very frustrating experience.,0.0495
APT-1429,Cambridge,4339,3,3,1227,5,2003,0,1,0,0,0,1,1,1,0,"Impeccably maintained three-bedroom in a sought-after Cambridge location. Floor-to-ceiling windows flood the space with natural light all day. Walking distance to parks, shops, and public transit.",The apartment looked better in photos. the walls are thin was a constant frustration.,The apartment exceeded my expectations. closet space and the building is well-run.,Adequate for the area. updated appliances. Could use some updates though.,0.0553
APT-1430,Fenway,3353,2,2,871,4,2007,1,1,1,0,0,1,1,1,1,"Move-in ready two-bedroom with designer touches throughout. Oversized bay windows create a bright, airy atmosphere. Easy access to major highways and downtown.",It was fine. quiet street though the walls are thin.,Loved living here. The updated appliances was a huge plus and the neighborhood is fantastic.,Average experience overall. hardwood floors was nice but the elevator is slow.,0.0717
APT-1431,Cambridge,2501,1,1,734,3,2004,1,1,1,1,0,0,1,1,1,Nice one-bedroom with a functional layout and recent updates. The kitchen has been updated with new countertops and appliances.,It was fine. bay windows though the water pressure could be better.,"Lived here a year. gym. On the other hand, the laundry room is always busy.",Very happy with this place. bay windows is exactly what I was looking for.,0.0769
APT-1432,Brighton,1907,1,1,793,3,1982,1,1,1,1,1,0,1,0,1,Updated one-bedroom in a well-managed building in Brighton. Kitchen includes newer appliances and tile backsplash.,Ended my lease early because of noise from the street. Very frustrating experience.,Solid place to live. closet space was better than expected. Management is responsive.,Not great. a malfunctioning thermostat was never properly addressed despite multiple requests.,0.0571
APT-1433,Allston,1721,1,1,626,1,1948,1,1,0,1,0,0,0,1,0,Cozy one-bedroom with good natural light and hardwood floors. Nice afternoon light from the west-facing windows. Close to local farmers markets and community events.,One of the better apartments I've rented. natural light and neighbors are friendly.,The listing was misleading. the buzzer system barely works and water pressure drops.,Reasonable place. parking spot was nice. the buzzer system barely works was annoying at times.,0.0307
APT-1434,Back Bay,2777,1,1,566,1,1950,1,1,1,1,0,0,1,0,1,"Gorgeous one-bedroom in a meticulously maintained brownstone. Oversized bay windows create a bright, airy atmosphere. Elevator building with package room and bike storage.",Really appreciated layout. The management fixed things quickly when needed.,Lived here for two years and loved it. layout made a big difference day to day.,Really enjoyed my time here. natural light and the location is unbeatable.,0.0895
APT-1435,Fenway,2503,1,1,636,1,2017,1,0,0,0,1,0,1,1,1,Freshly painted one-bedroom ready for immediate move-in. Good natural light in the main living area. Open floor plan is great for entertaining.,Really appreciated closet space. The management fixed things quickly when needed.,"Good for what you pay. renovated bathroom, just be aware that the buzzer system barely works.",Decent apartment for the price. kitchen but the kitchen is smaller than expected.,0.0715
APT-1436,Dorchester,2222,3,3,1234,2,1966,1,1,1,0,0,0,0,1,0,Freshly painted three-bedroom ready for immediate move-in. The kitchen has been updated with new countertops and appliances.,The apartment looked better in photos. the hallways are a bit run-down was a constant frustration.,"Good for what you pay. location, just be aware that the walls are thin.","Good for what you pay. balcony view, just be aware that the water pressure could be better.",0.0629
APT-1437,Brighton,2363,2,2,1008,2,1983,0,0,0,1,0,0,1,1,0,two-bedroom in Brighton. Utilities are reasonable. Kitchen has basic appliances and adequate counter space.,Struggled with water pressure drops the entire lease. Save your money.,Ended my lease early because of a malfunctioning thermostat. Very frustrating experience.,Had ongoing issues with unreliable hot water. Not worth the price.,0.0531
APT-1438,Cambridge,3252,2,2,702,6,2019,1,1,0,0,0,0,1,1,0,"Elegant two-bedroom offering a perfect blend of classic charm and modern convenience. The kitchen features granite countertops, stainless steel appliances, and a breakfast bar. Walking distance to parks, shops, and public transit.",Super comfortable space. central air and I never had issues with noise.,Decent apartment for the price. open floor plan but the closets are tiny.,"Good for what you pay. dishwasher, just be aware that the water pressure could be better.",0.0764
APT-1439,Back Bay,3861,2,2,1002,5,1910,1,1,1,1,1,0,0,1,1,Gorgeous two-bedroom in a meticulously maintained brownstone. Recently renovated kitchen with quartz counters and soft-close cabinetry. Building includes a fitness center and community lounge.,Perfect for young professionals. closet space and tons of good food nearby.,My favorite apartment so far. rooftop access and the commute to downtown was easy.,Decent apartment for the price. rooftop access but the street noise can be rough on weekends.,0.089
APT-1440,East Boston,1571,0,1,490,2,1980,0,1,1,0,1,0,1,0,0,Freshly painted studio ready for immediate move-in. Nice afternoon light from the west-facing windows.,One of the better apartments I've rented. hardwood floors and neighbors are friendly.,The listing was misleading. the water pressure could be better and pest problems.,Lived here for two years and loved it. storage space made a big difference day to day.,0.0322
APT-1441,South End,2804,1,1,584,4,2019,1,1,1,0,1,1,0,0,1,"Charming one-bedroom with original hardwood floors and updated kitchen. Oversized bay windows create a bright, airy atmosphere.",Reasonable place. hardwood floors was nice. the heating system is inconsistent was annoying at times.,One of the better apartments I've rented. layout and neighbors are friendly.,Reasonable place. building amenities was nice. the buzzer system barely works was annoying at times.,0.0614
APT-1442,East Boston,1366,0,1,479,2,1966,1,1,0,0,0,0,1,0,0,"Cozy studio with good natural light and hardwood floors. Good natural light in the main living area. Walking distance to parks, shops, and public transit.",Would not recommend. you can hear the neighbors above and the rent does not match the quality.,Would rent again in a heartbeat. central air and great vibes in the neighborhood.,Adequate for the area. renovated bathroom. Could use some updates though.,0.0796
APT-1443,Dorchester,2297,3,3,1228,1,1972,0,1,0,1,0,0,0,0,0,"Simple three-bedroom with the basics covered. Small but functional kitchen. Steps from great restaurants, coffee shops, and nightlife.",Ended my lease early because of poor insulation. Very frustrating experience.,Struggled with pest problems the entire lease. Save your money.,"Not bad, not amazing. closet space is a plus. the kitchen is smaller than expected is a minus.",0.0275
APT-1444,Beacon Hill,3023,1,1,647,4,1917,0,1,1,1,0,0,0,1,0,"Stunning one-bedroom in the heart of Beacon Hill. The living area is bathed in natural light from multiple exposures. Great walkability to cafes, bookstores, and boutiques.",Decent apartment for the price. dishwasher but the closets are tiny.,Perfect for young professionals. layout and tons of good food nearby.,Really enjoyed my time here. dishwasher and the location is unbeatable.,0.0436
APT-1445,Dorchester,1744,2,2,891,3,2009,1,0,1,0,0,0,1,0,1,Compact two-bedroom at a competitive price point. Kitchen comes with a refrigerator and electric stove. Private outdoor space perfect for morning coffee.,Overpriced for what you get. parking is a nightmare.,The apartment looked better in photos. there's limited counter space was a constant frustration.,"Good for what you pay. parking spot, just be aware that parking is a nightmare.",0.0594
APT-1446,Beacon Hill,3246,1,1,536,2,1908,1,1,1,1,1,0,0,0,0,"Move-in ready one-bedroom with designer touches throughout. The kitchen features granite countertops, stainless steel appliances, and a breakfast bar.",Had a great experience. building amenities and it's super walkable to everything.,Reasonable place. modern finishes was nice. parking is a nightmare was annoying at times.,Would rent again in a heartbeat. natural light and great vibes in the neighborhood.,0.0421
APT-1447,East Boston,2244,2,2,1044,4,1978,1,0,0,1,0,0,1,0,1,Affordable two-bedroom in East Boston. Kitchen has basic appliances and adequate counter space. Bonus alcove works perfectly as a home office nook.,One of the better apartments I've rented. open floor plan and neighbors are friendly.,Disappointing overall. the heating system is inconsistent and management was slow to respond.,Average experience overall. parking spot was nice but the water pressure could be better.,0.0501
APT-1448,Fenway,3138,2,2,972,1,1977,1,1,1,0,0,1,1,0,1,two-bedroom in a quiet residential area of Fenway. Windows in every room keep the space feeling bright. Roof deck with city views available to all residents.,Really enjoyed my time here. kitchen and the location is unbeatable.,Disappointing overall. the buzzer system barely works and management was slow to respond.,Super comfortable space. dishwasher and I never had issues with noise.,0.0527
APT-1449,Cambridge,2091,0,1,407,5,2004,1,0,1,0,0,1,1,1,1,Thoughtfully designed studio with premium finishes and abundant storage. The living area is bathed in natural light from multiple exposures. Roof deck with city views available to all residents.,Lived here for two years and loved it. central air made a big difference day to day.,One of the better apartments I've rented. renovated bathroom and neighbors are friendly.,Mixed feelings. central air but I wish the windows were better insulated.,0.0583
APT-1450,Allston,2052,1,1,645,5,1975,0,0,0,1,0,0,1,1,1,Affordable one-bedroom in Allston. Kitchen comes with a refrigerator and electric stove. Quiet building with thick walls and good insulation.,Overpriced for what you get. the closets are tiny.,The listing was misleading. the closets are tiny and heating and cooling issues.,Not great. a broken intercom was never properly addressed despite multiple requests.,0.0238
APT-1451,Charlestown,1979,1,1,526,3,1938,1,1,1,0,0,0,0,1,1,"Spacious and bright one-bedroom with an open-concept layout. The kitchen features granite countertops, stainless steel appliances, and a breakfast bar.",Lived here for two years and loved it. layout made a big difference day to day.,Lived here for two years and loved it. kitchen made a big difference day to day.,Really appreciated courtyard. The management fixed things quickly when needed.,0.0646
APT-1452,Jamaica Plain,3005,4,4,1771,2,1973,0,1,0,0,0,0,0,0,1,Cozy four-bedroom with good natural light and hardwood floors. Windows in every room keep the space feeling bright. Pet-friendly building with a shared courtyard.,Mixed feelings. hardwood floors but I wish management communicated more.,Mixed feelings. natural light but I wish the windows were better insulated.,It was fine. central air though the bathroom could use an update.,0.0518
APT-1453,Somerville,2403,1,1,719,2,2002,1,1,0,1,0,0,0,0,1,one-bedroom in a quiet residential area of Somerville. Windows in every room keep the space feeling bright.,Struggled with unreliable hot water the entire lease. Save your money.,Had ongoing issues with noise from the street. Not worth the price.,My favorite apartment so far. courtyard and the commute to downtown was easy.,0.0426
APT-1454,Somerville,1624,1,1,593,2,2002,1,0,1,1,1,1,0,0,0,Well-maintained one-bedroom in a convenient Somerville location. Good natural light in the main living area.,"Clean, well-maintained, and open floor plan. No complaints.",It served its purpose. modern finishes but management could be more responsive.,Perfect for young professionals. bay windows and tons of good food nearby.,0.0491
APT-1455,Brighton,1815,1,1,655,2,1941,0,1,0,0,1,0,0,0,0,Pleasant one-bedroom with a good layout and natural light. Eat-in kitchen with plenty of cabinet space. Pet-friendly building with a shared courtyard.,Adequate for the area. closet space. Could use some updates though.,It served its purpose. high ceilings but management could be more responsive.,Lived here for two years and loved it. closet space made a big difference day to day.,0.0406
APT-1456,Charlestown,3096,2,2,947,1,1905,0,1,1,0,0,0,1,0,1,Updated two-bedroom in a well-managed building in Charlestown. The kitchen has been updated with new countertops and appliances. Conveniently located near grocery stores and pharmacies.,Solid place to live. closet space was better than expected. Management is responsive.,"Clean, well-maintained, and modern finishes. No complaints.",Solid place to live. courtyard was better than expected. Management is responsive.,0.0765
APT-1457,Fenway,2505,1,1,651,5,1934,1,0,0,0,1,0,1,0,1,"Spacious and bright one-bedroom with an open-concept layout. Chef's kitchen with gas range, stone countertops, and ample prep space. Recently updated common areas and secure entry.",Really enjoyed my time here. hardwood floors and the location is unbeatable.,Super comfortable space. bay windows and I never had issues with noise.,Super comfortable space. building amenities and I never had issues with noise.,0.0599
APT-1458,Dorchester,2683,3,3,1241,4,1906,0,1,0,0,0,0,0,0,0,Nice three-bedroom with a functional layout and recent updates. Good natural light in the main living area. Laundry facilities on every floor.,Disappointing overall. the heating system is inconsistent and management was slow to respond.,"Not bad, not amazing. courtyard is a plus. the buzzer system barely works is a minus.",Decent apartment for the price. high ceilings but the bathroom could use an update.,0.0501
APT-1459,Jamaica Plain,2634,3,3,1215,5,1933,0,1,1,0,1,1,1,0,1,Pleasant three-bedroom with a good layout and natural light. Kitchen includes newer appliances and tile backsplash. Laundry facilities on every floor.,Would rent again in a heartbeat. high ceilings and great vibes in the neighborhood.,Very happy with this place. building amenities is exactly what I was looking for.,Reasonable place. bay windows was nice. the buzzer system barely works was annoying at times.,0.0598
APT-1460,Charlestown,2383,1,1,503,2,1949,1,1,1,1,0,1,1,1,0,Nice one-bedroom with a functional layout and recent updates. Galley kitchen with updated fixtures and good counter space.,It was fine. balcony view though the laundry room is always busy.,Reasonable place. open floor plan was nice. parking is a nightmare was annoying at times.,It was fine. dishwasher though the kitchen is smaller than expected.,0.0601
APT-1461,Brighton,3413,4,4,1402,3,1968,1,1,0,0,1,0,1,0,0,Comfortable four-bedroom with updated appliances and good closet space. Galley kitchen with updated fixtures and good counter space. Elevator building with package room and bike storage.,Average experience overall. parking spot was nice but the windows are drafty in winter.,Perfect for young professionals. location and tons of good food nearby.,Lived here for two years and loved it. kitchen made a big difference day to day.,0.0478
APT-1462,Back Bay,3406,1,1,683,1,1910,1,0,0,0,0,0,1,0,1,"Elegant one-bedroom offering a perfect blend of classic charm and modern convenience. Floor-to-ceiling windows flood the space with natural light all day. Surrounded by local shops, bakeries, and green space.","Lived here a year. building amenities. On the other hand, the buzzer system barely works.",Very happy with this place. renovated bathroom is exactly what I was looking for.,Would rent again in a heartbeat. in-unit laundry and great vibes in the neighborhood.,0.0763
APT-1463,Fenway,2809,2,2,999,3,1977,0,0,1,0,0,0,1,1,1,"Charming two-bedroom with original hardwood floors and updated kitchen. Oversized bay windows create a bright, airy atmosphere.",Perfect for young professionals. parking spot and tons of good food nearby.,Mixed feelings. layout but I wish management communicated more.,Very happy with this place. hardwood floors is exactly what I was looking for.,0.0484
APT-1464,Brighton,2096,1,1,630,6,1971,0,0,0,0,1,0,1,0,0,Nice one-bedroom with a functional layout and recent updates. The kitchen has been updated with new countertops and appliances. Open floor plan is great for entertaining.,Would not recommend. you can hear the neighbors above and the rent does not match the quality.,Lived here for two years and loved it. courtyard made a big difference day to day.,Loved living here. The updated appliances was a huge plus and the neighborhood is fantastic.,0.0541
APT-1465,South End,4316,3,3,1316,2,1920,0,1,1,1,0,1,1,0,0,Beautifully renovated three-bedroom with modern finishes throughout. Recently renovated kitchen with quartz counters and soft-close cabinetry. Secure building with on-site management.,It was fine. renovated bathroom though you can hear the neighbors above.,Average experience overall. quiet street was nice but the buzzer system barely works.,Would not recommend. the elevator is slow and the rent does not match the quality.,0.0438
APT-1466,East Boston,2458,2,2,720,1,1948,0,1,1,1,0,0,0,0,0,two-bedroom in a quiet residential area of East Boston. Windows in every room keep the space feeling bright. Secure building with on-site management.,Really enjoyed my time here. bay windows and the location is unbeatable.,"Lived here a year. location. On the other hand, the kitchen is smaller than expected.",Mixed feelings. central air but I wish the laundry was in-unit.,0.0719
APT-1467,Brighton,2494,3,3,1140,2,1972,1,0,0,0,0,0,1,1,0,Affordable three-bedroom in Brighton. Kitchen has basic appliances and adequate counter space. Pet-friendly building with a shared courtyard.,Would not recommend. parking is a nightmare and the rent does not match the quality.,Mixed feelings. rooftop access but I wish the kitchen had been updated.,"Not bad, not amazing. rooftop access is a plus. the kitchen is smaller than expected is a minus.",0.0445
APT-1468,Somerville,2529,2,2,984,2,1993,1,1,0,1,0,0,0,0,0,"Elegant two-bedroom offering a perfect blend of classic charm and modern convenience. Chef's kitchen with gas range, stone countertops, and ample prep space.","Lived here a year. dishwasher. On the other hand, the hallways are a bit run-down.",Average experience overall. in-unit laundry was nice but parking is a nightmare.,My favorite apartment so far. updated appliances and the commute to downtown was easy.,0.0834
APT-1469,South End,2713,1,1,633,3,1960,1,1,1,1,1,0,1,0,1,Well-maintained one-bedroom in a convenient South End location. Eat-in kitchen with plenty of cabinet space. Building includes a fitness center and community lounge.,Mixed feelings. building amenities but I wish the bathroom was newer.,Adequate for the area. renovated bathroom. Could use some updates though.,Below average. the elevator is slow and the building needs serious maintenance.,0.0484
APT-1470,Beacon Hill,4451,2,2,1074,4,1938,1,0,1,1,1,0,0,0,0,Solid two-bedroom close to shops and restaurants in Beacon Hill. Windows in every room keep the space feeling bright. Conveniently located near grocery stores and pharmacies.,Average experience overall. in-unit laundry was nice but the windows are drafty in winter.,The apartment exceeded my expectations. natural light and the building is well-run.,Would not recommend. the heating system is inconsistent and the rent does not match the quality.,0.0483
APT-1471,East Boston,1720,1,1,671,2,1977,1,1,0,1,0,0,1,0,0,Cozy one-bedroom with good natural light and hardwood floors. Eat-in kitchen with plenty of cabinet space. Close to local farmers markets and community events.,The apartment looked better in photos. the kitchen is smaller than expected was a constant frustration.,Loved living here. The building amenities was a huge plus and the neighborhood is fantastic.,Adequate for the area. parking spot. Could use some updates though.,0.0609
APT-1472,Cambridge,3315,2,2,898,5,1938,1,1,1,0,0,0,0,0,0,"Gorgeous two-bedroom in a meticulously maintained brownstone. Modern kitchen with sleek cabinetry, under-cabinet lighting, and high-end appliances.",Had a great experience. natural light and it's super walkable to everything.,Really enjoyed my time here. high ceilings and the location is unbeatable.,Adequate for the area. kitchen. Could use some updates though.,0.0607
APT-1473,Cambridge,4016,3,3,1184,2,1992,0,0,0,0,0,0,1,0,0,"Stunning three-bedroom in the heart of Cambridge. Floor-to-ceiling windows flood the space with natural light all day. Great walkability to cafes, bookstores, and boutiques.",Great apartment. parking spot made it feel like home right away. Would definitely recommend.,It served its purpose. gym but management could be more responsive.,Really appreciated closet space. The management fixed things quickly when needed.,0.0486
APT-1474,East Boston,3068,4,4,1906,3,1945,1,1,0,0,1,0,1,1,1,Updated four-bedroom in a well-managed building in East Boston. The kitchen has been updated with new countertops and appliances.,Solid place to live. kitchen was better than expected. Management is responsive.,Not great. cracks in the walls was never properly addressed despite multiple requests.,The apartment exceeded my expectations. bay windows and the building is well-run.,0.0543
APT-1475,East Boston,2326,2,2,863,2,1946,1,1,1,0,0,0,0,0,0,"Nice two-bedroom with a functional layout and recent updates. Nice afternoon light from the west-facing windows. Walking distance to parks, shops, and public transit.",Average experience overall. modern finishes was nice but the elevator is slow.,Would not recommend. the bathroom could use an update and the rent does not match the quality.,One of the better apartments I've rented. location and neighbors are friendly.,0.0631
APT-1476,Back Bay,4674,3,3,1264,3,1897,0,0,0,0,1,0,1,1,0,Nice three-bedroom with a functional layout and recent updates. Kitchen includes newer appliances and tile backsplash. Bonus alcove works perfectly as a home office nook.,Average experience overall. in-unit laundry was nice but the hallways are a bit run-down.,The apartment looked better in photos. the closets are tiny was a constant frustration.,Super comfortable space. bay windows and I never had issues with noise.,0.0364
APT-1477,Brighton,2043,2,2,915,2,1948,1,1,0,0,0,1,0,0,1,Charming two-bedroom with original hardwood floors and updated kitchen. The living area is bathed in natural light from multiple exposures.,Perfect for young professionals. building amenities and tons of good food nearby.,Solid place to live. closet space was better than expected. Management is responsive.,Super comfortable space. location and I never had issues with noise.,0.0927
APT-1478,South End,3058,1,1,689,2,1970,1,0,0,1,1,1,1,0,0,Freshly painted one-bedroom ready for immediate move-in. Galley kitchen with updated fixtures and good counter space.,My favorite apartment so far. parking spot and the commute to downtown was easy.,Had ongoing issues with a leaky faucet. Not worth the price.,Lived here for two years and loved it. renovated bathroom made a big difference day to day.,0.0483
APT-1479,Back Bay,3606,2,2,832,3,1884,1,0,0,0,1,0,1,0,1,Move-in ready two-bedroom with designer touches throughout. Floor-to-ceiling windows flood the space with natural light all day. Bonus alcove works perfectly as a home office nook.,Had a great experience. location and it's super walkable to everything.,Loved living here. The updated appliances was a huge plus and the neighborhood is fantastic.,Perfect for young professionals. modern finishes and tons of good food nearby.,0.0502
APT-1480,Fenway,2029,1,1,708,6,2011,0,1,1,0,1,1,1,0,1,Cozy one-bedroom with good natural light and hardwood floors. Windows in every room keep the space feeling bright. Built-in shelving and extra storage in the hallway.,Would rent again in a heartbeat. in-unit laundry and great vibes in the neighborhood.,Overpriced for what you get. the closets are tiny.,Average experience overall. renovated bathroom was nice but you can hear the neighbors above.,0.0649
APT-1481,South End,3471,1,1,578,1,2022,1,1,1,0,1,0,0,1,1,Comfortable one-bedroom with updated appliances and good closet space. The kitchen has been updated with new countertops and appliances. High ceilings give the unit an expansive feel.,Solid place to live. kitchen was better than expected. Management is responsive.,The listing was misleading. the buzzer system barely works and mice in the building.,It served its purpose. updated appliances but management could be more responsive.,0.0391
APT-1482,Back Bay,3446,1,1,802,3,1888,1,1,1,0,1,0,0,0,1,Pleasant one-bedroom with a good layout and natural light. Galley kitchen with updated fixtures and good counter space.,Not great. cracks in the walls was never properly addressed despite multiple requests.,Super comfortable space. balcony view and I never had issues with noise.,Decent apartment for the price. high ceilings but parking is a nightmare.,0.0648
APT-1483,Dorchester,1935,2,2,888,1,1911,0,0,0,0,0,0,0,0,1,"Spacious and bright two-bedroom with an open-concept layout. Recently renovated kitchen with quartz counters and soft-close cabinetry. Steps from great restaurants, coffee shops, and nightlife.",Very happy with this place. dishwasher is exactly what I was looking for.,Loved living here. The kitchen was a huge plus and the neighborhood is fantastic.,My favorite apartment so far. open floor plan and the commute to downtown was easy.,0.0289
APT-1484,Somerville,3875,4,4,1689,1,1999,1,0,0,0,0,1,1,1,0,Thoughtfully designed four-bedroom with premium finishes and abundant storage. Floor-to-ceiling windows flood the space with natural light all day. Laundry facilities on every floor.,Adequate for the area. quiet street. Could use some updates though.,The listing was misleading. there's limited counter space and mice in the building.,Ended my lease early because of poor insulation. Very frustrating experience.,0.0632
APT-1485,Beacon Hill,2597,0,1,428,1,1949,1,1,1,1,0,0,1,1,1,Beautifully renovated studio with modern finishes throughout. South-facing exposure brings in gorgeous natural light throughout. High ceilings give the unit an expansive feel.,Average experience overall. balcony view was nice but the bathroom could use an update.,Overpriced for what you get. the hallways are a bit run-down.,Had a great experience. storage space and it's super walkable to everything.,0.0499
APT-1486,Fenway,3388,2,2,860,4,1950,1,1,0,1,0,0,0,0,1,Move-in ready two-bedroom with designer touches throughout. Floor-to-ceiling windows flood the space with natural light all day.,"Lived here a year. open floor plan. On the other hand, the street noise can be rough on weekends.",One of the better apartments I've rented. balcony view and neighbors are friendly.,One of the better apartments I've rented. balcony view and neighbors are friendly.,0.0545
APT-1487,Beacon Hill,2803,0,1,447,1,1923,1,1,0,0,0,0,1,0,1,Cozy studio with good natural light and hardwood floors. Eat-in kitchen with plenty of cabinet space. Laundry facilities on every floor.,Reasonable place. modern finishes was nice. the water pressure could be better was annoying at times.,It served its purpose. bay windows but management could be more responsive.,My favorite apartment so far. closet space and the commute to downtown was easy.,0.0609
APT-1488,South End,3296,2,2,829,4,2020,0,0,0,1,1,0,0,1,0,"Stunning two-bedroom in the heart of South End. Oversized bay windows create a bright, airy atmosphere. Elevator building with package room and bike storage.","Lived here a year. updated appliances. On the other hand, the street noise can be rough on weekends.",Great apartment. quiet street made it feel like home right away. Would definitely recommend.,"Lived here a year. modern finishes. On the other hand, the laundry room is always busy.",0.074
APT-1489,Allston,1200,0,1,619,3,1965,0,1,0,0,0,1,1,0,1,Freshly painted studio ready for immediate move-in. Nice afternoon light from the west-facing windows. Elevator building with package room and bike storage.,"Not bad, not amazing. location is a plus. parking is a nightmare is a minus.",The listing was misleading. you can hear the neighbors above and pest problems.,One of the better apartments I've rented. building amenities and neighbors are friendly.,0.059
APT-1490,Somerville,2058,1,1,672,3,2022,1,1,1,0,0,0,0,1,1,"Spacious and bright one-bedroom with an open-concept layout. Chef's kitchen with gas range, stone countertops, and ample prep space. Neighborhood favorites for brunch and dinner are just around the corner.",Mixed feelings. storage space but I wish the laundry was in-unit.,Great apartment. layout made it feel like home right away. Would definitely recommend.,Loved living here. The closet space was a huge plus and the neighborhood is fantastic.,0.0694
APT-1491,Fenway,4063,3,3,1212,4,1985,1,0,0,1,0,0,0,0,1,Well-maintained three-bedroom in a convenient Fenway location. Good natural light in the main living area.,"Lived here a year. quiet street. On the other hand, the windows are drafty in winter.",Decent apartment for the price. central air but the closets are tiny.,My favorite apartment so far. rooftop access and the commute to downtown was easy.,0.0509
APT-1492,Allston,1691,1,1,738,5,1971,0,1,0,0,0,0,1,1,0,Freshly painted one-bedroom ready for immediate move-in. Windows in every room keep the space feeling bright.,Had ongoing issues with a broken intercom. Not worth the price.,Very happy with this place. modern finishes is exactly what I was looking for.,Super comfortable space. open floor plan and I never had issues with noise.,0.0072
APT-1493,Back Bay,2589,0,1,460,5,1934,1,1,1,0,0,0,1,0,0,Elegant studio offering a perfect blend of classic charm and modern convenience. The living area is bathed in natural light from multiple exposures. The layout offers great separation between bedrooms.,Perfect for young professionals. high ceilings and tons of good food nearby.,"Lived here a year. hardwood floors. On the other hand, parking is a nightmare.",Loved living here. The central air was a huge plus and the neighborhood is fantastic.,0.0485
APT-1494,Back Bay,4355,2,2,1002,1,1940,0,0,1,0,0,1,1,0,0,Charming two-bedroom with original hardwood floors and updated kitchen. Floor-to-ceiling windows flood the space with natural light all day. Recently updated common areas and secure entry.,Great apartment. building amenities made it feel like home right away. Would definitely recommend.,Perfect for young professionals. building amenities and tons of good food nearby.,The apartment exceeded my expectations. courtyard and the building is well-run.,0.0616
APT-1495,East Boston,1557,1,1,542,4,1943,0,1,0,1,0,0,1,1,0,Nice one-bedroom with a functional layout and recent updates. Windows in every room keep the space feeling bright.,"Lived here a year. storage space. On the other hand, the elevator is slow.",Solid place to live. open floor plan was better than expected. Management is responsive.,Perfect for young professionals. closet space and tons of good food nearby.,0.0651
APT-1496,Dorchester,1763,1,1,690,3,2021,0,0,0,0,0,1,0,0,0,Solid one-bedroom close to shops and restaurants in Dorchester. Good natural light in the main living area. Conveniently located near grocery stores and pharmacies.,Reasonable place. closet space was nice. the windows are drafty in winter was annoying at times.,The apartment looked better in photos. the buzzer system barely works was a constant frustration.,Decent apartment for the price. kitchen but the walls are thin.,0.0564
APT-1497,Jamaica Plain,2306,2,2,946,1,2016,1,0,1,1,1,1,0,0,0,Beautifully renovated two-bedroom with modern finishes throughout. The living area is bathed in natural light from multiple exposures. Roof deck with city views available to all residents.,Struggled with a broken intercom the entire lease. Save your money.,Very happy with this place. renovated bathroom is exactly what I was looking for.,Mixed feelings. kitchen but I wish there was more closet space.,0.0767
APT-1498,East Boston,1510,0,1,488,3,1953,0,0,1,0,0,0,0,1,0,Comfortable studio with updated appliances and good closet space. Nice afternoon light from the west-facing windows. Building includes a fitness center and community lounge.,It served its purpose. high ceilings but management could be more responsive.,"Lived here a year. dishwasher. On the other hand, there's limited counter space.","Clean, well-maintained, and rooftop access. No complaints.",0.0646
APT-1499,South End,2867,1,1,581,2,1908,0,0,0,0,0,0,1,1,1,Thoughtfully designed one-bedroom with premium finishes and abundant storage. Recently renovated kitchen with quartz counters and soft-close cabinetry.,"Clean, well-maintained, and hardwood floors. No complaints.",Really enjoyed my time here. natural light and the location is unbeatable.,Reasonable place. dishwasher was nice. you can hear the neighbors above was annoying at times.,0.0357